DROP DATABASE IF EXISTS proj1;
CREATE DATABASE IF NOT EXISTS proj1;
USE proj1;

CREATE TABLE staff (
	staff_id INTEGER NOT NULL PRIMARY KEY,
	password varchar(10) not null,
    name varchar(30) not null,
    sex varchar(6) not null,
    level INTEGER NOT NULL
);

CREATE TABLE course(
   course_id VARCHAR(7) NOT NULL PRIMARY KEY,
   name      VARCHAR(17) NOT NULL,
   credit    INTEGER  NOT NULL
);

CREATE TABLE building(
   building_id INTEGER  NOT NULL PRIMARY KEY,
   name 	   VARCHAR(8) NOT NULL,
   admin 	   VARCHAR(4) NOT NULL,
   rooms       INTEGER  NOT NULL
);

CREATE TABLE major(
   major_id INTEGER  NOT NULL PRIMARY KEY,
   name     VARCHAR(17) NOT NULL
);

CREATE TABLE room(
   room_id     INTEGER NOT NULL AUTO_INCREMENT PRIMARY KEY,
   room_no     INTEGER NOT NULL, 
   building_id INTEGER NOT NULL,
   occupancy   INTEGER NOT NULL,
   foreign key (building_id) 
	references building(building_id)
    on delete cascade
);

CREATE TABLE lecturer(
   lecturer_id INTEGER  NOT NULL PRIMARY KEY,
   name        VARCHAR(30) NOT NULL,
   sex         VARCHAR(6) NOT NULL,
   major_id    INTEGER  NOT NULL,
   foreign key (major_id) references major(major_id)
);

CREATE TABLE student(
   student_id  INTEGER  NOT NULL PRIMARY KEY,
   password    VARCHAR(10) NOT NULL,
   name        VARCHAR(30) NOT NULL,
   sex         VARCHAR(6) NOT NULL,
   major_id    INTEGER  NOT NULL,
   lecturer_id INTEGER  NOT NULL,
   year        INTEGER  NOT NULL,
   status      INTEGER NOT NULL,
   foreign key (lecturer_id) references lecturer(lecturer_id),
   foreign key (major_id) references major(major_id)
);

CREATE TABLE class(
   class_id    INTEGER  NOT NULL AUTO_INCREMENT,
   class_no    INTEGER  NOT NULL,
   course_id   VARCHAR(7) NOT NULL,
   major_id    INTEGER  NOT NULL,
   year        INTEGER  NOT NULL,
   lecturer_id INTEGER  NOT NULL,
   person_max  INTEGER  NOT NULL,
   opened      INTEGER  NOT NULL,
   room_id     INTEGER  NOT NULL,
   primary key (class_id),
   foreign key (course_id) references course(course_id),
   foreign key (lecturer_id) references lecturer(lecturer_id),
   foreign key (major_id) references major(major_id),
   foreign key (room_id) references room(room_id)
);

CREATE TABLE takes(
	takes_id   INTEGER NOT NULL AUTO_INCREMENT PRIMARY KEY,
	student_id INTEGER  NOT NULL,
	course_id  VARCHAR(7) NOT NULL,
    year       INTEGER NOT NULL,
	grade      DECIMAL(2,1) NOT NULL,
	foreign key (student_id) references student(student_id)
);

CREATE TABLE time(
   time_id  INTEGER  NOT NULL AUTO_INCREMENT PRIMARY KEY,
   class_id INTEGER  NOT NULL,
   period   INTEGER  NOT NULL,
   begin    VARCHAR(24) NOT NULL,
   end      VARCHAR(24) NOT NULL,
   foreign key (class_id) 
	references class(class_id)
	on delete cascade
);

CREATE TABLE applied (
	applied_id INTEGER NOT NULL AUTO_INCREMENT PRIMARY KEY,
    student_id INTEGER NOT NULL,
    class_id INTEGER NOT NULL,
    grade INTEGER NOT NULL DEFAULT 0,
    FOREIGN KEY (student_id) REFERENCES student(student_id),
    FOREIGN KEY (class_id) 
		REFERENCES class(class_id)
		on delete cascade
);

CREATE TABLE wanted (
	wanted_id INTEGER NOT NULL AUTO_INCREMENT PRIMARY KEY,
    student_id INTEGER NOT NULL,
    class_id INTEGER NOT NULL,
    success BOOLEAN NOT NULL DEFAULT 0,
	FOREIGN KEY (student_id) REFERENCES student(student_id),
    FOREIGN KEY (class_id) 
		REFERENCES class(class_id)
		on delete cascade
);

# staff
insert into staff values(1234, "1234", "1234", "male", 0);
INSERT INTO staff(staff_id,password,name,sex, level) VALUES (2001001002,'password','조용식','female', 1);
INSERT INTO staff(staff_id,password,name,sex, level) VALUES (2001011003,'password','조병완','male', 1);
INSERT INTO staff(staff_id,password,name,sex, level) VALUES (2001011004,'password','한혁','female', 1);
INSERT INTO staff(staff_id,password,name,sex, level) VALUES (2001021002,'password','강수용','male', 1);
INSERT INTO staff(staff_id,password,name,sex, level) VALUES (2001031001,'password','박희진','female', 1);
INSERT INTO staff(staff_id,password,name,sex, level) VALUES (2001032003,'password','이인환','male', 1);
INSERT INTO staff(staff_id,password,name,sex, level) VALUES (2001032004,'password','최진식','female', 1);
INSERT INTO staff(staff_id,password,name,sex, level) VALUES (2001032005,'password','김상욱','male', 1);
INSERT INTO staff(staff_id,password,name,sex, level) VALUES (2001032006,'password','박종일','female', 1);
INSERT INTO staff(staff_id,password,name,sex, level) VALUES (2001032007,'password','신동훈','male', 1);
INSERT INTO staff(staff_id,password,name,sex, level) VALUES (2001032008,'password','고광철','female', 1);
INSERT INTO staff(staff_id,password,name,sex, level) VALUES (2001032009,'password','정진욱','male', 1);
INSERT INTO staff(staff_id,password,name,sex, level) VALUES (2001032010,'password','김진오','female', 1);
INSERT INTO staff(staff_id,password,name,sex, level) VALUES (2001032011,'password','최창식','male', 1);
INSERT INTO staff(staff_id,password,name,sex, level) VALUES (2001032012,'password','이충선','female', 1);
INSERT INTO staff(staff_id,password,name,sex, level) VALUES (2001032013,'password','정재원','male', 1);
INSERT INTO staff(staff_id,password,name,sex, level) VALUES (2001032014,'password','이종석','female', 1);
INSERT INTO staff(staff_id,password,name,sex, level) VALUES (2001032015,'password','김승남','male', 1);
INSERT INTO staff(staff_id,password,name,sex, level) VALUES (2001032016,'password','문성용','female', 1);
INSERT INTO staff(staff_id,password,name,sex, level) VALUES (2001032017,'password','서경도','male', 1);
INSERT INTO staff(staff_id,password,name,sex, level) VALUES (2001032018,'password','서경도','female', 1);
INSERT INTO staff(staff_id,password,name,sex, level) VALUES (2001032019,'password','김진국','male', 1);
INSERT INTO staff(staff_id,password,name,sex, level) VALUES (2001032020,'password','공성호','female', 1);
INSERT INTO staff(staff_id,password,name,sex, level) VALUES (2001032021,'password','서영웅','male', 1);
INSERT INTO staff(staff_id,password,name,sex, level) VALUES (2001032022,'password','이동윤','female', 1);
INSERT INTO staff(staff_id,password,name,sex, level) VALUES (2001032023,'password','류성언','male', 1);
INSERT INTO staff(staff_id,password,name,sex, level) VALUES (2001032024,'password','윤채옥','female', 1);
INSERT INTO staff(staff_id,password,name,sex, level) VALUES (2001032025,'password','안희준','male', 1);
INSERT INTO staff(staff_id,password,name,sex, level) VALUES (2001032026,'password','안이용','female', 1);
INSERT INTO staff(staff_id,password,name,sex, level) VALUES (2001032027,'password','안형준','male', 1);
INSERT INTO staff(staff_id,password,name,sex, level) VALUES (2001032028,'password','강용수','female', 1);
INSERT INTO staff(staff_id,password,name,sex, level) VALUES (2001032029,'password','최기한','male', 1);
INSERT INTO staff(staff_id,password,name,sex, level) VALUES (2001032030,'password','권태수','female', 1);
INSERT INTO staff(staff_id,password,name,sex, level) VALUES (2001032031,'password','박두희','male', 1);
INSERT INTO staff(staff_id,password,name,sex, level) VALUES (2001032032,'password','조용식','female', 1);
INSERT INTO staff(staff_id,password,name,sex, level) VALUES (2001032033,'password','유재석','male', 1);
INSERT INTO staff(staff_id,password,name,sex, level) VALUES (2001032034,'password','조용식','female', 1);
INSERT INTO staff(staff_id,password,name,sex, level) VALUES (2001032035,'password','정형수','male', 1);
INSERT INTO staff(staff_id,password,name,sex, level) VALUES (2001032036,'password','차재혁','female', 1);
INSERT INTO staff(staff_id,password,name,sex, level) VALUES (2001032037,'password','임을규','male', 1);
INSERT INTO staff(staff_id,password,name,sex, level) VALUES (2001032038,'password','장의선','female', 1);
INSERT INTO staff(staff_id,password,name,sex, level) VALUES (2001032039,'password','김상욱','male', 1);
INSERT INTO staff(staff_id,password,name,sex, level) VALUES (2001032040,'password','이형철','female', 1);
INSERT INTO staff(staff_id,password,name,sex, level) VALUES (2001032041,'password','이형철','male', 1);
INSERT INTO staff(staff_id,password,name,sex, level) VALUES (2001032042,'password','노태협','female', 1);
INSERT INTO staff(staff_id,password,name,sex, level) VALUES (2001032043,'password','정정주','male', 1);
INSERT INTO staff(staff_id,password,name,sex, level) VALUES (2001032044,'password','고광철','female', 1);
INSERT INTO staff(staff_id,password,name,sex, level) VALUES (2001032045,'password','유기찬','male', 1);
INSERT INTO staff(staff_id,password,name,sex, level) VALUES (2001032046,'password','전진용','female', 1);
INSERT INTO staff(staff_id,password,name,sex, level) VALUES (2001032047,'password','박운종','male', 1);
INSERT INTO staff(staff_id,password,name,sex, level) VALUES (2001032048,'password','한상환','female', 1);
INSERT INTO staff(staff_id,password,name,sex, level) VALUES (2001032049,'password','Justyn Wayne Jaworski','male', 1);
INSERT INTO staff(staff_id,password,name,sex, level) VALUES (2001032050,'password','서동학','female', 1);
INSERT INTO staff(staff_id,password,name,sex, level) VALUES (2001032051,'password','서영웅','male', 1);
INSERT INTO staff(staff_id,password,name,sex, level) VALUES (2001032052,'password','오성근','female', 1);
INSERT INTO staff(staff_id,password,name,sex, level) VALUES (2001032053,'password','서경도','male', 1);
INSERT INTO staff(staff_id,password,name,sex, level) VALUES (2001032054,'password','이병희','female', 1);
INSERT INTO staff(staff_id,password,name,sex, level) VALUES (2001032055,'password','류성언','male', 1);
INSERT INTO staff(staff_id,password,name,sex, level) VALUES (2001032056,'password','임태연','female', 1);
INSERT INTO staff(staff_id,password,name,sex, level) VALUES (2001032057,'password','김용희','male', 1);
INSERT INTO staff(staff_id,password,name,sex, level) VALUES (2001032058,'password','안광일','female', 1);
INSERT INTO staff(staff_id,password,name,sex, level) VALUES (2001032059,'password','김성훈','male', 1);
INSERT INTO staff(staff_id,password,name,sex, level) VALUES (2001032060,'password','안희준','female', 1);
INSERT INTO staff(staff_id,password,name,sex, level) VALUES (2001032061,'password','임승순','male', 1);
INSERT INTO staff(staff_id,password,name,sex, level) VALUES (2001032062,'password','이윤정','female', 1);
INSERT INTO staff(staff_id,password,name,sex, level) VALUES (2001032063,'password','이준기','male', 1);
INSERT INTO staff(staff_id,password,name,sex, level) VALUES (2001032064,'password','안광일','female', 1);
INSERT INTO staff(staff_id,password,name,sex, level) VALUES (2001032065,'password','서종원','male', 1);
INSERT INTO staff(staff_id,password,name,sex, level) VALUES (2001032066,'password','박대효','female', 1);
INSERT INTO staff(staff_id,password,name,sex, level) VALUES (2001032067,'password','강석구','male', 1);
INSERT INTO staff(staff_id,password,name,sex, level) VALUES (2001032068,'password','반호기','female', 1);
INSERT INTO staff(staff_id,password,name,sex, level) VALUES (2001032069,'password','최용석','male', 1);
INSERT INTO staff(staff_id,password,name,sex, level) VALUES (2001032070,'password','노미나','female', 1);
INSERT INTO staff(staff_id,password,name,sex, level) VALUES (2001032071,'password','이춘화','male', 1);
INSERT INTO staff(staff_id,password,name,sex, level) VALUES (2001032072,'password','한규옥','female', 1);
INSERT INTO staff(staff_id,password,name,sex, level) VALUES (2001032073,'password','최진식','male', 1);
INSERT INTO staff(staff_id,password,name,sex, level) VALUES (2001032074,'password','정규선','female', 1);
INSERT INTO staff(staff_id,password,name,sex, level) VALUES (2001032075,'password','현동석','male', 1);
INSERT INTO staff(staff_id,password,name,sex, level) VALUES (2001032076,'password','김래영','female', 1);
INSERT INTO staff(staff_id,password,name,sex, level) VALUES (2001032077,'password','이주','male', 1);
INSERT INTO staff(staff_id,password,name,sex, level) VALUES (2001032078,'password','김동준','female', 1);
INSERT INTO staff(staff_id,password,name,sex, level) VALUES (2001032079,'password','김효진','male', 1);
INSERT INTO staff(staff_id,password,name,sex, level) VALUES (2001032080,'password','전진용','female', 1);
INSERT INTO staff(staff_id,password,name,sex, level) VALUES (2001032081,'password','차성민','male', 1);
INSERT INTO staff(staff_id,password,name,sex, level) VALUES (2001032082,'password','김주형','female', 1);
INSERT INTO staff(staff_id,password,name,sex, level) VALUES (2001032083,'password','배영찬','male', 1);
INSERT INTO staff(staff_id,password,name,sex, level) VALUES (2001032084,'password','서경도','female', 1);
INSERT INTO staff(staff_id,password,name,sex, level) VALUES (2001032085,'password','최유빈','male', 1);

#course
INSERT INTO course(course_id,name,credit) VALUES ('CIE3022','철근콘크리트구조설계',3);
INSERT INTO course(course_id,name,credit) VALUES ('CIE4011','수리학및실험',3);
INSERT INTO course(course_id,name,credit) VALUES ('CIE4065','유비쿼터스첨단건설공학',3);
INSERT INTO course(course_id,name,credit) VALUES ('EEC3005','상하수도공학',3);
INSERT INTO course(course_id,name,credit) VALUES ('CSE4006','소프트웨어공학',3);
INSERT INTO course(course_id,name,credit) VALUES ('ITE3070','전공멘토링6',1);
INSERT INTO course(course_id,name,credit) VALUES ('ELE3020','컴퓨터구조2',3);
INSERT INTO course(course_id,name,credit) VALUES ('ENE4019','컴퓨터네트워크',3);
INSERT INTO course(course_id,name,credit) VALUES ('ITE3016','데이터베이스시스템',3);
INSERT INTO course(course_id,name,credit) VALUES ('MAT3008','수치해석',3);
INSERT INTO course(course_id,name,credit) VALUES ('ECL4009','피드백시스템',3);
INSERT INTO course(course_id,name,credit) VALUES ('ECL4013','전기공학종합설계2',3);
INSERT INTO course(course_id,name,credit) VALUES ('ECL4018','전기공학세미나',3);
INSERT INTO course(course_id,name,credit) VALUES ('ELE4019','전력시스템공학',3);
INSERT INTO course(course_id,name,credit) VALUES ('ARE3009','건축구조역학2',3);
INSERT INTO course(course_id,name,credit) VALUES ('ARE4020','건축공학실험',3);
INSERT INTO course(course_id,name,credit) VALUES ('ARE4030','전기회로및조명시스템',3);
INSERT INTO course(course_id,name,credit) VALUES ('CIE2007','측량학',3);
INSERT INTO course(course_id,name,credit) VALUES ('CHE3012','물질전달',3);
INSERT INTO course(course_id,name,credit) VALUES ('CHM3066','화공기초실험',2);
INSERT INTO course(course_id,name,credit) VALUES ('CHM4013','고분자물성',3);
INSERT INTO course(course_id,name,credit) VALUES ('CME4002','화공전산설계',3);
INSERT INTO course(course_id,name,credit) VALUES ('GEN3052','환경공학',3);
INSERT INTO course(course_id,name,credit) VALUES ('MEE4001','열전달',3);
INSERT INTO course(course_id,name,credit) VALUES ('BTN4005','생물나노소재',3);
INSERT INTO course(course_id,name,credit) VALUES ('BTN4012','공학종합설계2(URIP)',1);
INSERT INTO course(course_id,name,credit) VALUES ('DBC3018','미생물학',3);
INSERT INTO course(course_id,name,credit) VALUES ('GEN6095','전공현장실습2',3);
INSERT INTO course(course_id,name,credit) VALUES ('ONE4004','유기나노공학종합설계2',3);
INSERT INTO course(course_id,name,credit) VALUES ('ONE4011','유기전자소재나노공정',3);
INSERT INTO course(course_id,name,credit) VALUES ('EGY4013','에너지공학종합설계2',3);
INSERT INTO course(course_id,name,credit) VALUES ('EGY4019','에너지유기소재',3);
INSERT INTO course(course_id,name,credit) VALUES ('CIE3032','지반공학및실험',3);
INSERT INTO course(course_id,name,credit) VALUES ('CIE4047','수공구조물설계',3);
INSERT INTO course(course_id,name,credit) VALUES ('CIE4068','건설환경공학종합설계2',3);
INSERT INTO course(course_id,name,credit) VALUES ('ELE4029','컴파일러',3);
INSERT INTO course(course_id,name,credit) VALUES ('GEN6006','특허법의이해',2);
INSERT INTO course(course_id,name,credit) VALUES ('ECL3005','임베디드제어시스템',3);
INSERT INTO course(course_id,name,credit) VALUES ('ECL4010','차량전자제어',3);
INSERT INTO course(course_id,name,credit) VALUES ('ECL4014','산업플라즈마공학',3);
INSERT INTO course(course_id,name,credit) VALUES ('ELE3004','제어공학',3);
INSERT INTO course(course_id,name,credit) VALUES ('ELE4025','펄스파워공학',3);
INSERT INTO course(course_id,name,credit) VALUES ('ARE3069','건설사업관리1',3);
INSERT INTO course(course_id,name,credit) VALUES ('ARE4022','건축음향',3);
INSERT INTO course(course_id,name,credit) VALUES ('ARE5013','건축종합설계2',3);
INSERT INTO course(course_id,name,credit) VALUES ('CIE3070','철근콘크리트구조2',3);
INSERT INTO course(course_id,name,credit) VALUES ('CHE1015','기능성고분자',3);
INSERT INTO course(course_id,name,credit) VALUES ('CHE4053','유기소자공학',3);
INSERT INTO course(course_id,name,credit) VALUES ('CHM3078','촉매반응공학',3);
INSERT INTO course(course_id,name,credit) VALUES ('CHM4083','나노화학공학',3);
INSERT INTO course(course_id,name,credit) VALUES ('COE1011','실용공학연구2',1);
INSERT INTO course(course_id,name,credit) VALUES ('GEN5026','테크노경영학',3);
INSERT INTO course(course_id,name,credit) VALUES ('BIO2022','세포생물학',3);
INSERT INTO course(course_id,name,credit) VALUES ('BTN4009','응용유전학',3);
INSERT INTO course(course_id,name,credit) VALUES ('ICH4022','고분자재료',3);
INSERT INTO course(course_id,name,credit) VALUES ('ONE4005','전공세미나(유기나노공학)URIP',3);
INSERT INTO course(course_id,name,credit) VALUES ('TXE4065','고분자구조',3);
INSERT INTO course(course_id,name,credit) VALUES ('EGY3001','재료물성학',3);
INSERT INTO course(course_id,name,credit) VALUES ('EGY4016','나노바이오에너지소재',3);
INSERT INTO course(course_id,name,credit) VALUES ('CIE3033','건설경제학',3);
INSERT INTO course(course_id,name,credit) VALUES ('CIE4058','구조동역학',3);
INSERT INTO course(course_id,name,credit) VALUES ('COE3053','공업수학3',3);
INSERT INTO course(course_id,name,credit) VALUES ('MME3026','암반공학',3);
INSERT INTO course(course_id,name,credit) VALUES ('ITE3068','소프트웨어스튜디오2',3);
INSERT INTO course(course_id,name,credit) VALUES ('ITE3060','시스템프로그램설계2',2);
INSERT INTO course(course_id,name,credit) VALUES ('ECL3007','플라즈마공학2',3);
INSERT INTO course(course_id,name,credit) VALUES ('ECL4011','전동력제어',3);
INSERT INTO course(course_id,name,credit) VALUES ('ECL4015','전력전자제어',3);
INSERT INTO course(course_id,name,credit) VALUES ('ELE3013','전기기기',3);
INSERT INTO course(course_id,name,credit) VALUES ('ARE4014','건축구조계획',3);
INSERT INTO course(course_id,name,credit) VALUES ('ARE4026','환경과생태건축',3);
INSERT INTO course(course_id,name,credit) VALUES ('ARE5032','공학프로젝트및현장실습2',3);
INSERT INTO course(course_id,name,credit) VALUES ('CHE3006','화공열역학2',3);
INSERT INTO course(course_id,name,credit) VALUES ('CHE4054','화학공학종합설계2(URIP)',3);
INSERT INTO course(course_id,name,credit) VALUES ('CHM4001','기기분석',3);

#building
INSERT INTO building(building_id,name,admin,rooms) VALUES (305,'IT / BT','공과대학',19);
INSERT INTO building(building_id,name,admin,rooms) VALUES (618,'의대계단 강의동','의과대학',15);
INSERT INTO building(building_id,name,admin,rooms) VALUES (401,'생활과학관','인문과학',20);
INSERT INTO building(building_id,name,admin,rooms) VALUES (304,'산학기술관','공과대학',13);
INSERT INTO building(building_id,name,admin,rooms) VALUES (306,'올림픽 체육관','예술학부',5);
INSERT INTO building(building_id,name,admin,rooms) VALUES (212,'제 1공학관','공과대학',34);
INSERT INTO building(building_id,name,admin,rooms) VALUES (211,'제 2공학관','공과대학',23);
INSERT INTO building(building_id,name,admin,rooms) VALUES (208,'FTC','공과대학',7);
INSERT INTO building(building_id,name,admin,rooms) VALUES (604,'제 1의학관','의과대학',9);
INSERT INTO building(building_id,name,admin,rooms) VALUES (407,'제 1법학관','법과대학',10);
INSERT INTO building(building_id,name,admin,rooms) VALUES (408,'제 2법학관','법과대학',13);
INSERT INTO building(building_id,name,admin,rooms) VALUES (507,'자연과학관','자연과학',18);
INSERT INTO building(building_id,name,admin,rooms) VALUES (504,'사회과학관','사회과학',13);

#major
INSERT INTO major(major_id,name) VALUES (1,'건설환경공학과');
INSERT INTO major(major_id,name) VALUES (2,'소프트웨어전공');
INSERT INTO major(major_id,name) VALUES (3,'컴퓨터전공');
INSERT INTO major(major_id,name) VALUES (4,'전기공학전공');
INSERT INTO major(major_id,name) VALUES (5,'건축공학부');
INSERT INTO major(major_id,name) VALUES (6,'화학공학전공');
INSERT INTO major(major_id,name) VALUES (7,'생명공학전공');
INSERT INTO major(major_id,name) VALUES (8,'유기나노공학과');
INSERT INTO major(major_id,name) VALUES (9,'에너지공학과');
INSERT INTO major(major_id,name) VALUES (10,'기계공학부');
INSERT INTO major(major_id,name) VALUES (11,'미래자동차공학과');
INSERT INTO major(major_id,name) VALUES (12,'원자력공학과');
INSERT INTO major(major_id,name) VALUES (13,'자원환경공학과');
INSERT INTO major(major_id,name) VALUES (14,'산업공학과');
INSERT INTO major(major_id,name) VALUES (15,'생체공학전공');
INSERT INTO major(major_id,name) VALUES (16,'도시공학과');
INSERT INTO major(major_id,name) VALUES (17,'융합전자공학부');
INSERT INTO major(major_id,name) VALUES (18,'신소재공학부');
INSERT INTO major(major_id,name) VALUES (19,'교육학과');
INSERT INTO major(major_id,name) VALUES (20,'국어교육과');
INSERT INTO major(major_id,name) VALUES (21,'영어교육과');
INSERT INTO major(major_id,name) VALUES (22,'응용미술교육과');
INSERT INTO major(major_id,name) VALUES (23,'교육공학과');
INSERT INTO major(major_id,name) VALUES (24,'수학교육과');
INSERT INTO major(major_id,name) VALUES (25,'성악과');
INSERT INTO major(major_id,name) VALUES (26,'작곡과');
INSERT INTO major(major_id,name) VALUES (27,'피아노과');
INSERT INTO major(major_id,name) VALUES (28,'관현악과');
INSERT INTO major(major_id,name) VALUES (29,'국악과');
INSERT INTO major(major_id,name) VALUES (30,'국어국문학과');
INSERT INTO major(major_id,name) VALUES (31,'영어영문학과');
INSERT INTO major(major_id,name) VALUES (32,'독어독문학과');
INSERT INTO major(major_id,name) VALUES (33,'중어중문학과');
INSERT INTO major(major_id,name) VALUES (34,'사학과');
INSERT INTO major(major_id,name) VALUES (35,'철학과');
INSERT INTO major(major_id,name) VALUES (36,'관광학부');
INSERT INTO major(major_id,name) VALUES (37,'수학전공');
INSERT INTO major(major_id,name) VALUES (38,'물리학전공');
INSERT INTO major(major_id,name) VALUES (39,'화학전공');
INSERT INTO major(major_id,name) VALUES (40,'생명과학전공');
INSERT INTO major(major_id,name) VALUES (41,'컴퓨터공학부');
INSERT INTO major(major_id,name) VALUES (42,'정보시스템학과');
INSERT INTO major(major_id,name) VALUES (43,'건축학부');
INSERT INTO major(major_id,name) VALUES (44,'경영학부');
INSERT INTO major(major_id,name) VALUES (45,'파이낸스경영학과');
INSERT INTO major(major_id,name) VALUES (46,'국제학부');
INSERT INTO major(major_id,name) VALUES (47,'경제금융학부');
INSERT INTO major(major_id,name) VALUES (48,'STS(과학기술학)전공');
INSERT INTO major(major_id,name) VALUES (49,'공공수행인문학전공');
INSERT INTO major(major_id,name) VALUES (50,'미디어문화전공');
INSERT INTO major(major_id,name) VALUES (51,'영어커뮤니케이션전공');
INSERT INTO major(major_id,name) VALUES (52,'통상한국어커뮤니케이션전공');
INSERT INTO major(major_id,name) VALUES (53,'글로벌비즈니스문화전공(영어전용)');
INSERT INTO major(major_id,name) VALUES (54,'중국경제통상전공');
INSERT INTO major(major_id,name) VALUES (55,'정책학과');
INSERT INTO major(major_id,name) VALUES (56,'법학과');
INSERT INTO major(major_id,name) VALUES (57,'의류학과');
INSERT INTO major(major_id,name) VALUES (58,'식품영양학과');
INSERT INTO major(major_id,name) VALUES (59,'실내건축디자인학과');
INSERT INTO major(major_id,name) VALUES (60,'체육학과');
INSERT INTO major(major_id,name) VALUES (61,'스포츠산업학과');
INSERT INTO major(major_id,name) VALUES (62,'연극영화학과');
INSERT INTO major(major_id,name) VALUES (63,'무용학과');
INSERT INTO major(major_id,name) VALUES (64,'간호학전공');
INSERT INTO major(major_id,name) VALUES (65,'간호전공');
INSERT INTO major(major_id,name) VALUES (66,'정치외교학과');
INSERT INTO major(major_id,name) VALUES (67,'사회학과');
INSERT INTO major(major_id,name) VALUES (68,'미디어커뮤니케이션학과');
INSERT INTO major(major_id,name) VALUES (69,'행정학과');
INSERT INTO major(major_id,name) VALUES (70,'한중통번역전공');
INSERT INTO major(major_id,name) VALUES (71,'화공생명공학부');
INSERT INTO major(major_id,name) VALUES (72,'전기·생체공학부');
INSERT INTO major(major_id,name) VALUES (73,'의예과');
INSERT INTO major(major_id,name) VALUES (74,'수학과');
INSERT INTO major(major_id,name) VALUES (75,'물리학과');
INSERT INTO major(major_id,name) VALUES (76,'화학과');
INSERT INTO major(major_id,name) VALUES (77,'생명과학과');
INSERT INTO major(major_id,name) VALUES (78,'응용시스템학과');
INSERT INTO major(major_id,name) VALUES (79,'교양인영역');
INSERT INTO major(major_id,name) VALUES (80,'인문과예술영역');
INSERT INTO major(major_id,name) VALUES (81,'언어와표현영역');
INSERT INTO major(major_id,name) VALUES (82,'세계인영역');
INSERT INTO major(major_id,name) VALUES (83,'사회와세계영역');
INSERT INTO major(major_id,name) VALUES (84,'실용인영역');
INSERT INTO major(major_id,name) VALUES (85,'비지니스와리더쉽영역');
INSERT INTO major(major_id,name) VALUES (86,'과학과기술영역');
INSERT INTO major(major_id,name) VALUES (87,'서울대학');
INSERT INTO major(major_id,name) VALUES (88,'봉사인영역');
INSERT INTO major(major_id,name) VALUES (89,'가상대학영역');

#room
INSERT INTO room(room_id,room_no,building_id,occupancy) VALUES (1,1,305,140);
INSERT INTO room(room_id,room_no,building_id,occupancy) VALUES (2,2,305,40);
INSERT INTO room(room_id,room_no,building_id,occupancy) VALUES (3,3,305,40);
INSERT INTO room(room_id,room_no,building_id,occupancy) VALUES (4,4,305,40);
INSERT INTO room(room_id,room_no,building_id,occupancy) VALUES (5,5,305,40);
INSERT INTO room(room_id,room_no,building_id,occupancy) VALUES (6,6,305,40);
INSERT INTO room(room_id,room_no,building_id,occupancy) VALUES (7,7,305,30);
INSERT INTO room(room_id,room_no,building_id,occupancy) VALUES (8,8,305,35);
INSERT INTO room(room_id,room_no,building_id,occupancy) VALUES (9,9,305,40);
INSERT INTO room(room_id,room_no,building_id,occupancy) VALUES (10,10,305,40);
INSERT INTO room(room_id,room_no,building_id,occupancy) VALUES (11,11,305,50);
INSERT INTO room(room_id,room_no,building_id,occupancy) VALUES (12,12,305,100);
INSERT INTO room(room_id,room_no,building_id,occupancy) VALUES (13,13,305,40);
INSERT INTO room(room_id,room_no,building_id,occupancy) VALUES (14,14,305,50);
INSERT INTO room(room_id,room_no,building_id,occupancy) VALUES (15,15,305,40);
INSERT INTO room(room_id,room_no,building_id,occupancy) VALUES (16,16,305,40);
INSERT INTO room(room_id,room_no,building_id,occupancy) VALUES (17,17,305,50);
INSERT INTO room(room_id,room_no,building_id,occupancy) VALUES (18,18,305,40);
INSERT INTO room(room_id,room_no,building_id,occupancy) VALUES (19,19,305,40);
INSERT INTO room(room_id,room_no,building_id,occupancy) VALUES (20,20,618,40);
INSERT INTO room(room_id,room_no,building_id,occupancy) VALUES (21,21,618,40);
INSERT INTO room(room_id,room_no,building_id,occupancy) VALUES (22,22,618,40);
INSERT INTO room(room_id,room_no,building_id,occupancy) VALUES (23,23,618,50);
INSERT INTO room(room_id,room_no,building_id,occupancy) VALUES (24,24,618,40);
INSERT INTO room(room_id,room_no,building_id,occupancy) VALUES (25,25,618,40);
INSERT INTO room(room_id,room_no,building_id,occupancy) VALUES (26,26,618,80);
INSERT INTO room(room_id,room_no,building_id,occupancy) VALUES (27,27,618,40);
INSERT INTO room(room_id,room_no,building_id,occupancy) VALUES (28,28,618,120);
INSERT INTO room(room_id,room_no,building_id,occupancy) VALUES (29,29,618,40);
INSERT INTO room(room_id,room_no,building_id,occupancy) VALUES (30,30,618,40);
INSERT INTO room(room_id,room_no,building_id,occupancy) VALUES (31,31,618,50);
INSERT INTO room(room_id,room_no,building_id,occupancy) VALUES (32,32,618,40);
INSERT INTO room(room_id,room_no,building_id,occupancy) VALUES (33,33,618,40);
INSERT INTO room(room_id,room_no,building_id,occupancy) VALUES (34,34,618,30);
INSERT INTO room(room_id,room_no,building_id,occupancy) VALUES (35,35,401,40);
INSERT INTO room(room_id,room_no,building_id,occupancy) VALUES (36,36,401,40);
INSERT INTO room(room_id,room_no,building_id,occupancy) VALUES (37,37,401,40);
INSERT INTO room(room_id,room_no,building_id,occupancy) VALUES (38,38,401,40);
INSERT INTO room(room_id,room_no,building_id,occupancy) VALUES (39,39,401,50);
INSERT INTO room(room_id,room_no,building_id,occupancy) VALUES (40,40,401,40);
INSERT INTO room(room_id,room_no,building_id,occupancy) VALUES (41,41,401,40);
INSERT INTO room(room_id,room_no,building_id,occupancy) VALUES (42,42,401,40);
INSERT INTO room(room_id,room_no,building_id,occupancy) VALUES (43,43,401,40);
INSERT INTO room(room_id,room_no,building_id,occupancy) VALUES (44,44,401,50);
INSERT INTO room(room_id,room_no,building_id,occupancy) VALUES (45,45,401,40);
INSERT INTO room(room_id,room_no,building_id,occupancy) VALUES (46,46,401,40);
INSERT INTO room(room_id,room_no,building_id,occupancy) VALUES (47,47,401,40);
INSERT INTO room(room_id,room_no,building_id,occupancy) VALUES (48,48,401,45);
INSERT INTO room(room_id,room_no,building_id,occupancy) VALUES (49,49,401,40);
INSERT INTO room(room_id,room_no,building_id,occupancy) VALUES (50,50,401,40);
INSERT INTO room(room_id,room_no,building_id,occupancy) VALUES (51,51,401,100);
INSERT INTO room(room_id,room_no,building_id,occupancy) VALUES (52,52,401,40);
INSERT INTO room(room_id,room_no,building_id,occupancy) VALUES (53,53,401,40);
INSERT INTO room(room_id,room_no,building_id,occupancy) VALUES (54,54,401,120);
INSERT INTO room(room_id,room_no,building_id,occupancy) VALUES (55,55,304,40);
INSERT INTO room(room_id,room_no,building_id,occupancy) VALUES (56,56,304,40);
INSERT INTO room(room_id,room_no,building_id,occupancy) VALUES (57,57,304,40);
INSERT INTO room(room_id,room_no,building_id,occupancy) VALUES (58,58,304,40);
INSERT INTO room(room_id,room_no,building_id,occupancy) VALUES (59,59,304,40);
INSERT INTO room(room_id,room_no,building_id,occupancy) VALUES (60,60,304,40);
INSERT INTO room(room_id,room_no,building_id,occupancy) VALUES (61,61,304,40);
INSERT INTO room(room_id,room_no,building_id,occupancy) VALUES (62,62,304,40);
INSERT INTO room(room_id,room_no,building_id,occupancy) VALUES (63,63,304,40);
INSERT INTO room(room_id,room_no,building_id,occupancy) VALUES (64,64,304,50);
INSERT INTO room(room_id,room_no,building_id,occupancy) VALUES (65,65,304,40);
INSERT INTO room(room_id,room_no,building_id,occupancy) VALUES (66,66,304,40);
INSERT INTO room(room_id,room_no,building_id,occupancy) VALUES (67,67,304,40);
INSERT INTO room(room_id,room_no,building_id,occupancy) VALUES (68,68,306,40);
INSERT INTO room(room_id,room_no,building_id,occupancy) VALUES (69,69,306,40);
INSERT INTO room(room_id,room_no,building_id,occupancy) VALUES (70,70,306,40);
INSERT INTO room(room_id,room_no,building_id,occupancy) VALUES (71,71,306,40);
INSERT INTO room(room_id,room_no,building_id,occupancy) VALUES (72,72,306,40);
INSERT INTO room(room_id,room_no,building_id,occupancy) VALUES (73,73,212,40);
INSERT INTO room(room_id,room_no,building_id,occupancy) VALUES (74,74,212,80);
INSERT INTO room(room_id,room_no,building_id,occupancy) VALUES (75,75,212,40);
INSERT INTO room(room_id,room_no,building_id,occupancy) VALUES (76,76,212,40);
INSERT INTO room(room_id,room_no,building_id,occupancy) VALUES (77,77,212,40);
INSERT INTO room(room_id,room_no,building_id,occupancy) VALUES (78,78,212,40);
INSERT INTO room(room_id,room_no,building_id,occupancy) VALUES (79,79,212,100);
INSERT INTO room(room_id,room_no,building_id,occupancy) VALUES (80,80,212,40);
INSERT INTO room(room_id,room_no,building_id,occupancy) VALUES (81,81,212,40);
INSERT INTO room(room_id,room_no,building_id,occupancy) VALUES (82,82,212,40);
INSERT INTO room(room_id,room_no,building_id,occupancy) VALUES (83,83,212,40);
INSERT INTO room(room_id,room_no,building_id,occupancy) VALUES (84,84,212,40);
INSERT INTO room(room_id,room_no,building_id,occupancy) VALUES (85,85,212,40);
INSERT INTO room(room_id,room_no,building_id,occupancy) VALUES (86,86,212,40);
INSERT INTO room(room_id,room_no,building_id,occupancy) VALUES (87,87,212,30);
INSERT INTO room(room_id,room_no,building_id,occupancy) VALUES (88,88,212,40);
INSERT INTO room(room_id,room_no,building_id,occupancy) VALUES (89,89,212,40);
INSERT INTO room(room_id,room_no,building_id,occupancy) VALUES (90,90,212,40);
INSERT INTO room(room_id,room_no,building_id,occupancy) VALUES (91,91,212,40);
INSERT INTO room(room_id,room_no,building_id,occupancy) VALUES (92,92,212,40);
INSERT INTO room(room_id,room_no,building_id,occupancy) VALUES (93,93,212,40);
INSERT INTO room(room_id,room_no,building_id,occupancy) VALUES (94,94,212,40);
INSERT INTO room(room_id,room_no,building_id,occupancy) VALUES (95,95,212,40);
INSERT INTO room(room_id,room_no,building_id,occupancy) VALUES (96,96,212,40);
INSERT INTO room(room_id,room_no,building_id,occupancy) VALUES (97,97,212,35);
INSERT INTO room(room_id,room_no,building_id,occupancy) VALUES (98,98,212,40);
INSERT INTO room(room_id,room_no,building_id,occupancy) VALUES (99,99,212,40);
INSERT INTO room(room_id,room_no,building_id,occupancy) VALUES (100,100,212,40);
INSERT INTO room(room_id,room_no,building_id,occupancy) VALUES (101,101,212,40);
INSERT INTO room(room_id,room_no,building_id,occupancy) VALUES (102,102,212,40);
INSERT INTO room(room_id,room_no,building_id,occupancy) VALUES (103,103,212,40);
INSERT INTO room(room_id,room_no,building_id,occupancy) VALUES (104,104,212,40);
INSERT INTO room(room_id,room_no,building_id,occupancy) VALUES (105,105,212,40);
INSERT INTO room(room_id,room_no,building_id,occupancy) VALUES (106,106,212,45);
INSERT INTO room(room_id,room_no,building_id,occupancy) VALUES (107,107,211,40);
INSERT INTO room(room_id,room_no,building_id,occupancy) VALUES (108,108,211,40);
INSERT INTO room(room_id,room_no,building_id,occupancy) VALUES (109,109,211,40);
INSERT INTO room(room_id,room_no,building_id,occupancy) VALUES (110,110,211,40);
INSERT INTO room(room_id,room_no,building_id,occupancy) VALUES (111,111,211,40);
INSERT INTO room(room_id,room_no,building_id,occupancy) VALUES (112,112,211,40);
INSERT INTO room(room_id,room_no,building_id,occupancy) VALUES (113,113,211,40);
INSERT INTO room(room_id,room_no,building_id,occupancy) VALUES (114,114,211,55);
INSERT INTO room(room_id,room_no,building_id,occupancy) VALUES (115,115,211,40);
INSERT INTO room(room_id,room_no,building_id,occupancy) VALUES (116,116,211,40);
INSERT INTO room(room_id,room_no,building_id,occupancy) VALUES (117,117,211,40);
INSERT INTO room(room_id,room_no,building_id,occupancy) VALUES (118,118,211,40);
INSERT INTO room(room_id,room_no,building_id,occupancy) VALUES (119,119,211,40);
INSERT INTO room(room_id,room_no,building_id,occupancy) VALUES (120,120,211,40);
INSERT INTO room(room_id,room_no,building_id,occupancy) VALUES (121,121,211,40);
INSERT INTO room(room_id,room_no,building_id,occupancy) VALUES (122,122,211,40);
INSERT INTO room(room_id,room_no,building_id,occupancy) VALUES (123,123,211,65);
INSERT INTO room(room_id,room_no,building_id,occupancy) VALUES (124,124,211,40);
INSERT INTO room(room_id,room_no,building_id,occupancy) VALUES (125,125,211,40);
INSERT INTO room(room_id,room_no,building_id,occupancy) VALUES (126,126,211,40);
INSERT INTO room(room_id,room_no,building_id,occupancy) VALUES (127,127,211,40);
INSERT INTO room(room_id,room_no,building_id,occupancy) VALUES (128,128,211,40);
INSERT INTO room(room_id,room_no,building_id,occupancy) VALUES (129,129,211,40);
INSERT INTO room(room_id,room_no,building_id,occupancy) VALUES (130,130,208,40);
INSERT INTO room(room_id,room_no,building_id,occupancy) VALUES (131,131,208,40);
INSERT INTO room(room_id,room_no,building_id,occupancy) VALUES (132,132,208,110);
INSERT INTO room(room_id,room_no,building_id,occupancy) VALUES (133,133,208,40);
INSERT INTO room(room_id,room_no,building_id,occupancy) VALUES (134,134,208,40);
INSERT INTO room(room_id,room_no,building_id,occupancy) VALUES (135,135,208,40);
INSERT INTO room(room_id,room_no,building_id,occupancy) VALUES (136,136,208,40);
INSERT INTO room(room_id,room_no,building_id,occupancy) VALUES (137,137,604,40);
INSERT INTO room(room_id,room_no,building_id,occupancy) VALUES (138,138,604,40);
INSERT INTO room(room_id,room_no,building_id,occupancy) VALUES (139,139,604,40);
INSERT INTO room(room_id,room_no,building_id,occupancy) VALUES (140,140,604,90);
INSERT INTO room(room_id,room_no,building_id,occupancy) VALUES (141,141,604,40);
INSERT INTO room(room_id,room_no,building_id,occupancy) VALUES (142,142,604,40);
INSERT INTO room(room_id,room_no,building_id,occupancy) VALUES (143,143,604,40);
INSERT INTO room(room_id,room_no,building_id,occupancy) VALUES (144,144,604,40);
INSERT INTO room(room_id,room_no,building_id,occupancy) VALUES (145,145,604,40);
INSERT INTO room(room_id,room_no,building_id,occupancy) VALUES (146,146,407,40);
INSERT INTO room(room_id,room_no,building_id,occupancy) VALUES (147,147,407,70);
INSERT INTO room(room_id,room_no,building_id,occupancy) VALUES (148,148,407,40);
INSERT INTO room(room_id,room_no,building_id,occupancy) VALUES (149,149,407,40);
INSERT INTO room(room_id,room_no,building_id,occupancy) VALUES (150,150,407,40);
INSERT INTO room(room_id,room_no,building_id,occupancy) VALUES (151,151,407,40);
INSERT INTO room(room_id,room_no,building_id,occupancy) VALUES (152,152,407,40);
INSERT INTO room(room_id,room_no,building_id,occupancy) VALUES (153,153,407,40);
INSERT INTO room(room_id,room_no,building_id,occupancy) VALUES (154,154,407,60);
INSERT INTO room(room_id,room_no,building_id,occupancy) VALUES (155,155,407,40);
INSERT INTO room(room_id,room_no,building_id,occupancy) VALUES (156,156,408,40);
INSERT INTO room(room_id,room_no,building_id,occupancy) VALUES (157,157,408,40);
INSERT INTO room(room_id,room_no,building_id,occupancy) VALUES (158,158,408,40);
INSERT INTO room(room_id,room_no,building_id,occupancy) VALUES (159,159,408,40);
INSERT INTO room(room_id,room_no,building_id,occupancy) VALUES (160,160,408,40);
INSERT INTO room(room_id,room_no,building_id,occupancy) VALUES (161,161,408,40);
INSERT INTO room(room_id,room_no,building_id,occupancy) VALUES (162,162,408,40);
INSERT INTO room(room_id,room_no,building_id,occupancy) VALUES (163,163,408,65);
INSERT INTO room(room_id,room_no,building_id,occupancy) VALUES (164,164,408,40);
INSERT INTO room(room_id,room_no,building_id,occupancy) VALUES (165,165,408,40);
INSERT INTO room(room_id,room_no,building_id,occupancy) VALUES (166,166,408,40);
INSERT INTO room(room_id,room_no,building_id,occupancy) VALUES (167,167,408,40);
INSERT INTO room(room_id,room_no,building_id,occupancy) VALUES (168,168,408,40);
INSERT INTO room(room_id,room_no,building_id,occupancy) VALUES (169,169,507,120);
INSERT INTO room(room_id,room_no,building_id,occupancy) VALUES (170,170,507,40);
INSERT INTO room(room_id,room_no,building_id,occupancy) VALUES (171,171,507,40);
INSERT INTO room(room_id,room_no,building_id,occupancy) VALUES (172,172,507,40);
INSERT INTO room(room_id,room_no,building_id,occupancy) VALUES (173,173,507,80);
INSERT INTO room(room_id,room_no,building_id,occupancy) VALUES (174,174,507,40);
INSERT INTO room(room_id,room_no,building_id,occupancy) VALUES (175,175,507,40);
INSERT INTO room(room_id,room_no,building_id,occupancy) VALUES (176,176,507,40);
INSERT INTO room(room_id,room_no,building_id,occupancy) VALUES (177,177,507,40);
INSERT INTO room(room_id,room_no,building_id,occupancy) VALUES (178,178,507,40);
INSERT INTO room(room_id,room_no,building_id,occupancy) VALUES (179,179,507,35);
INSERT INTO room(room_id,room_no,building_id,occupancy) VALUES (180,180,507,40);
INSERT INTO room(room_id,room_no,building_id,occupancy) VALUES (181,181,507,55);
INSERT INTO room(room_id,room_no,building_id,occupancy) VALUES (182,182,507,40);
INSERT INTO room(room_id,room_no,building_id,occupancy) VALUES (183,183,507,40);
INSERT INTO room(room_id,room_no,building_id,occupancy) VALUES (184,184,507,45);
INSERT INTO room(room_id,room_no,building_id,occupancy) VALUES (185,185,507,40);
INSERT INTO room(room_id,room_no,building_id,occupancy) VALUES (186,186,507,40);
INSERT INTO room(room_id,room_no,building_id,occupancy) VALUES (187,187,504,40);
INSERT INTO room(room_id,room_no,building_id,occupancy) VALUES (188,188,504,95);
INSERT INTO room(room_id,room_no,building_id,occupancy) VALUES (189,189,504,40);
INSERT INTO room(room_id,room_no,building_id,occupancy) VALUES (190,190,504,40);
INSERT INTO room(room_id,room_no,building_id,occupancy) VALUES (191,191,504,40);
INSERT INTO room(room_id,room_no,building_id,occupancy) VALUES (192,192,504,40);
INSERT INTO room(room_id,room_no,building_id,occupancy) VALUES (193,193,504,40);
INSERT INTO room(room_id,room_no,building_id,occupancy) VALUES (194,194,504,40);
INSERT INTO room(room_id,room_no,building_id,occupancy) VALUES (195,195,504,40);
INSERT INTO room(room_id,room_no,building_id,occupancy) VALUES (196,196,504,40);
INSERT INTO room(room_id,room_no,building_id,occupancy) VALUES (197,197,504,84);
INSERT INTO room(room_id,room_no,building_id,occupancy) VALUES (198,198,504,50);
INSERT INTO room(room_id,room_no,building_id,occupancy) VALUES (199,199,504,40);

# lecturer
INSERT INTO lecturer(lecturer_id,name,sex,major_id) VALUES (2001001001,'조병완','male',1);
INSERT INTO lecturer(lecturer_id,name,sex,major_id) VALUES (2001001002,'조용식','female',1);
INSERT INTO lecturer(lecturer_id,name,sex,major_id) VALUES (2001011003,'조병완','male',1);
INSERT INTO lecturer(lecturer_id,name,sex,major_id) VALUES (2001011004,'한혁','female',1);
INSERT INTO lecturer(lecturer_id,name,sex,major_id) VALUES (2001021002,'강수용','male',2);
INSERT INTO lecturer(lecturer_id,name,sex,major_id) VALUES (2001031001,'박희진','female',2);
INSERT INTO lecturer(lecturer_id,name,sex,major_id) VALUES (2001032003,'이인환','male',3);
INSERT INTO lecturer(lecturer_id,name,sex,major_id) VALUES (2001032004,'최진식','female',3);
INSERT INTO lecturer(lecturer_id,name,sex,major_id) VALUES (2001032005,'김상욱','male',3);
INSERT INTO lecturer(lecturer_id,name,sex,major_id) VALUES (2001032006,'박종일','female',3);
INSERT INTO lecturer(lecturer_id,name,sex,major_id) VALUES (2001032007,'신동훈','male',4);
INSERT INTO lecturer(lecturer_id,name,sex,major_id) VALUES (2001032008,'고광철','female',4);
INSERT INTO lecturer(lecturer_id,name,sex,major_id) VALUES (2001032009,'정진욱','male',4);
INSERT INTO lecturer(lecturer_id,name,sex,major_id) VALUES (2001032010,'김진오','female',4);
INSERT INTO lecturer(lecturer_id,name,sex,major_id) VALUES (2001032011,'최창식','male',5);
INSERT INTO lecturer(lecturer_id,name,sex,major_id) VALUES (2001032012,'이충선','female',5);
INSERT INTO lecturer(lecturer_id,name,sex,major_id) VALUES (2001032013,'정재원','male',5);
INSERT INTO lecturer(lecturer_id,name,sex,major_id) VALUES (2001032014,'이종석','female',5);
INSERT INTO lecturer(lecturer_id,name,sex,major_id) VALUES (2001032015,'김승남','male',5);
INSERT INTO lecturer(lecturer_id,name,sex,major_id) VALUES (2001032016,'문성용','female',6);
INSERT INTO lecturer(lecturer_id,name,sex,major_id) VALUES (2001032017,'서경도','male',6);
INSERT INTO lecturer(lecturer_id,name,sex,major_id) VALUES (2001032018,'서경도','female',6);
INSERT INTO lecturer(lecturer_id,name,sex,major_id) VALUES (2001032019,'김진국','male',6);
INSERT INTO lecturer(lecturer_id,name,sex,major_id) VALUES (2001032020,'공성호','female',6);
INSERT INTO lecturer(lecturer_id,name,sex,major_id) VALUES (2001032021,'서영웅','male',6);
INSERT INTO lecturer(lecturer_id,name,sex,major_id) VALUES (2001032022,'이동윤','female',7);
INSERT INTO lecturer(lecturer_id,name,sex,major_id) VALUES (2001032023,'류성언','male',7);
INSERT INTO lecturer(lecturer_id,name,sex,major_id) VALUES (2001032024,'윤채옥','female',7);
INSERT INTO lecturer(lecturer_id,name,sex,major_id) VALUES (2001032025,'안희준','male',8);
INSERT INTO lecturer(lecturer_id,name,sex,major_id) VALUES (2001032026,'안이용','female',8);
INSERT INTO lecturer(lecturer_id,name,sex,major_id) VALUES (2001032027,'안형준','male',8);
INSERT INTO lecturer(lecturer_id,name,sex,major_id) VALUES (2001032028,'강용수','female',9);
INSERT INTO lecturer(lecturer_id,name,sex,major_id) VALUES (2001032029,'최기한','male',9);
INSERT INTO lecturer(lecturer_id,name,sex,major_id) VALUES (2001032030,'권태수','female',9);
INSERT INTO lecturer(lecturer_id,name,sex,major_id) VALUES (2001032031,'박두희','male',1);
INSERT INTO lecturer(lecturer_id,name,sex,major_id) VALUES (2001032032,'조용식','female',1);
INSERT INTO lecturer(lecturer_id,name,sex,major_id) VALUES (2001032033,'유재석','male',1);
INSERT INTO lecturer(lecturer_id,name,sex,major_id) VALUES (2001032034,'조용식','female',1);
INSERT INTO lecturer(lecturer_id,name,sex,major_id) VALUES (2001032035,'정형수','male',2);
INSERT INTO lecturer(lecturer_id,name,sex,major_id) VALUES (2001032036,'차재혁','female',3);
INSERT INTO lecturer(lecturer_id,name,sex,major_id) VALUES (2001032037,'임을규','male',3);
INSERT INTO lecturer(lecturer_id,name,sex,major_id) VALUES (2001032038,'장의선','female',3);
INSERT INTO lecturer(lecturer_id,name,sex,major_id) VALUES (2001032039,'김상욱','male',3);
INSERT INTO lecturer(lecturer_id,name,sex,major_id) VALUES (2001032040,'이형철','female',4);
INSERT INTO lecturer(lecturer_id,name,sex,major_id) VALUES (2001032041,'이형철','male',4);
INSERT INTO lecturer(lecturer_id,name,sex,major_id) VALUES (2001032042,'노태협','female',4);
INSERT INTO lecturer(lecturer_id,name,sex,major_id) VALUES (2001032043,'정정주','male',4);
INSERT INTO lecturer(lecturer_id,name,sex,major_id) VALUES (2001032044,'고광철','female',4);
INSERT INTO lecturer(lecturer_id,name,sex,major_id) VALUES (2001032045,'유기찬','male',5);
INSERT INTO lecturer(lecturer_id,name,sex,major_id) VALUES (2001032046,'전진용','female',5);
INSERT INTO lecturer(lecturer_id,name,sex,major_id) VALUES (2001032047,'박운종','male',5);
INSERT INTO lecturer(lecturer_id,name,sex,major_id) VALUES (2001032048,'한상환','female',5);
INSERT INTO lecturer(lecturer_id,name,sex,major_id) VALUES (2001032049,'Justyn Wayne Jaworski','male',6);
INSERT INTO lecturer(lecturer_id,name,sex,major_id) VALUES (2001032050,'서동학','female',6);
INSERT INTO lecturer(lecturer_id,name,sex,major_id) VALUES (2001032051,'서영웅','male',6);
INSERT INTO lecturer(lecturer_id,name,sex,major_id) VALUES (2001032052,'오성근','female',6);
INSERT INTO lecturer(lecturer_id,name,sex,major_id) VALUES (2001032053,'서경도','male',6);
INSERT INTO lecturer(lecturer_id,name,sex,major_id) VALUES (2001032054,'이병희','female',6);
INSERT INTO lecturer(lecturer_id,name,sex,major_id) VALUES (2001032055,'류성언','male',7);
INSERT INTO lecturer(lecturer_id,name,sex,major_id) VALUES (2001032056,'임태연','female',7);
INSERT INTO lecturer(lecturer_id,name,sex,major_id) VALUES (2001032057,'김용희','male',7);
INSERT INTO lecturer(lecturer_id,name,sex,major_id) VALUES (2001032058,'안광일','female',7);
INSERT INTO lecturer(lecturer_id,name,sex,major_id) VALUES (2001032059,'김성훈','male',8);
INSERT INTO lecturer(lecturer_id,name,sex,major_id) VALUES (2001032060,'안희준','female',8);
INSERT INTO lecturer(lecturer_id,name,sex,major_id) VALUES (2001032061,'임승순','male',8);
INSERT INTO lecturer(lecturer_id,name,sex,major_id) VALUES (2001032062,'이윤정','female',9);
INSERT INTO lecturer(lecturer_id,name,sex,major_id) VALUES (2001032063,'이준기','male',9);
INSERT INTO lecturer(lecturer_id,name,sex,major_id) VALUES (2001032064,'안광일','female',9);
INSERT INTO lecturer(lecturer_id,name,sex,major_id) VALUES (2001032065,'서종원','male',1);
INSERT INTO lecturer(lecturer_id,name,sex,major_id) VALUES (2001032066,'박대효','female',1);
INSERT INTO lecturer(lecturer_id,name,sex,major_id) VALUES (2001032067,'강석구','male',1);
INSERT INTO lecturer(lecturer_id,name,sex,major_id) VALUES (2001032068,'반호기','female',1);
INSERT INTO lecturer(lecturer_id,name,sex,major_id) VALUES (2001032069,'최용석','male',2);
INSERT INTO lecturer(lecturer_id,name,sex,major_id) VALUES (2001032070,'노미나','female',3);
INSERT INTO lecturer(lecturer_id,name,sex,major_id) VALUES (2001032071,'이춘화','male',3);
INSERT INTO lecturer(lecturer_id,name,sex,major_id) VALUES (2001032072,'한규옥','female',3);
INSERT INTO lecturer(lecturer_id,name,sex,major_id) VALUES (2001032073,'최진식','male',3);
INSERT INTO lecturer(lecturer_id,name,sex,major_id) VALUES (2001032074,'정규선','female',4);
INSERT INTO lecturer(lecturer_id,name,sex,major_id) VALUES (2001032075,'현동석','male',4);
INSERT INTO lecturer(lecturer_id,name,sex,major_id) VALUES (2001032076,'김래영','female',4);
INSERT INTO lecturer(lecturer_id,name,sex,major_id) VALUES (2001032077,'이주','male',4);
INSERT INTO lecturer(lecturer_id,name,sex,major_id) VALUES (2001032078,'김동준','female',4);
INSERT INTO lecturer(lecturer_id,name,sex,major_id) VALUES (2001032079,'김효진','male',5);
INSERT INTO lecturer(lecturer_id,name,sex,major_id) VALUES (2001032080,'전진용','female',5);
INSERT INTO lecturer(lecturer_id,name,sex,major_id) VALUES (2001032081,'차성민','male',5);
INSERT INTO lecturer(lecturer_id,name,sex,major_id) VALUES (2001032082,'김주형','female',5);
INSERT INTO lecturer(lecturer_id,name,sex,major_id) VALUES (2001032083,'배영찬','male',6);
INSERT INTO lecturer(lecturer_id,name,sex,major_id) VALUES (2001032084,'서경도','female',6);
INSERT INTO lecturer(lecturer_id,name,sex,major_id) VALUES (2001032085,'최유빈','male',6);

#student
insert into student values(2021092379, "1234", "성준모", "male", 2, 2001021002, 2,0);
INSERT INTO student(student_id,password,name,sex,major_id,lecturer_id,year,status) VALUES (2018003125,'125125125','정남아','female',44,2001032011,4,0);
INSERT INTO student(student_id,password,name,sex,major_id,lecturer_id,year,status) VALUES (2018004052,'39nnf2','김관유','male',4,2001032064,3,0);
INSERT INTO student(student_id,password,name,sex,major_id,lecturer_id,year,status) VALUES (2019499349,'2bn4','이현주','female',5,2001032031,4,0);
INSERT INTO student(student_id,password,name,sex,major_id,lecturer_id,year,status) VALUES (2020004533,'35234','한준희','male',3,2001032070,3,0);
INSERT INTO student(student_id,password,name,sex,major_id,lecturer_id,year,status) VALUES (2020040404,'x17171771','김다미','female',15,2001032068,3,0);
INSERT INTO student(student_id,password,name,sex,major_id,lecturer_id,year,status) VALUES (2020004003,'banila','김동관','male',33,2001032030,3,0);
INSERT INTO student(student_id,password,name,sex,major_id,lecturer_id,year,status) VALUES (2020004203,'qwe123','주정현','male',2,2001021002,3,0);
INSERT INTO student(student_id,password,name,sex,major_id,lecturer_id,year,status) VALUES (2021030303,'arandomkey','최다비드','male',34,2001032031,2,0);
INSERT INTO student(student_id,password,name,sex,major_id,lecturer_id,year,status) VALUES (2020394929,'3425nn5','이지은','female',1,2001032085,3,0);
INSERT INTO student(student_id,password,name,sex,major_id,lecturer_id,year,status) VALUES (2021001445,'7007','노선영','female',4,2001032010,2,0);
INSERT INTO student(student_id,password,name,sex,major_id,lecturer_id,year,status) VALUES (2021004004,'foxfoxfox','윤준영','male',22,2001032004,2,0);
INSERT INTO student(student_id,password,name,sex,major_id,lecturer_id,year,status) VALUES (2021004394,'goodboy','윤인욱','male',1,2001032004,2,0);
INSERT INTO student(student_id,password,name,sex,major_id,lecturer_id,year,status) VALUES (2021030128,'food','윤지형','male',44,2001032078,2,0);
INSERT INTO student(student_id,password,name,sex,major_id,lecturer_id,year,status) VALUES (2021040051,'zeroone234','최아랑','female',19,2001032078,2,0);
INSERT INTO student(student_id,password,name,sex,major_id,lecturer_id,year,status) VALUES (2022001303,'192939','김다현','female',3,2001032009,1,0);
INSERT INTO student(student_id,password,name,sex,major_id,lecturer_id,year,status) VALUES (2022002331,'wer234','이상덕','male',2,2001032008,1,0);
INSERT INTO student(student_id,password,name,sex,major_id,lecturer_id,year,status) VALUES (2022005004,'hexahed','장두호','male',5,2001032081,1,0);
INSERT INTO student(student_id,password,name,sex,major_id,lecturer_id,year,status) VALUES (2022019493,'zerozero','임지훈','male',17,2001032003,1,0);
INSERT INTO student(student_id,password,name,sex,major_id,lecturer_id,year,status) VALUES (2022040404,'donkey','권지현','female',22,2001032053,1,0);
INSERT INTO student(student_id,password,name,sex,major_id,lecturer_id,year,status) VALUES (2022505050,'hellobaby','권희조','female',44,2001032078,1,0);

#class
INSERT INTO class(class_id,class_no,course_id,major_id,year,lecturer_id,person_max,opened,room_id) VALUES (8831,10003,'CIE3022',1,1,2001001001,3,2022,169);
INSERT INTO class(class_id,class_no,course_id,major_id,year,lecturer_id,person_max,opened,room_id) VALUES (8832,10004,'CIE3032',1,2,2001032031,37,2022,163);
INSERT INTO class(class_id,class_no,course_id,major_id,year,lecturer_id,person_max,opened,room_id) VALUES (8833,10005,'CIE3033',1,1,2001032065,25,2022,101);
INSERT INTO class(class_id,class_no,course_id,major_id,year,lecturer_id,person_max,opened,room_id) VALUES (8834,10007,'CIE4011',1,1,2001001002,4,2022,7);
INSERT INTO class(class_id,class_no,course_id,major_id,year,lecturer_id,person_max,opened,room_id) VALUES (8835,10009,'CIE4047',1,4,2001032032,38,2022,65);
INSERT INTO class(class_id,class_no,course_id,major_id,year,lecturer_id,person_max,opened,room_id) VALUES (8836,10010,'CIE4058',1,3,2001032066,25,2022,148);
INSERT INTO class(class_id,class_no,course_id,major_id,year,lecturer_id,person_max,opened,room_id) VALUES (8837,10012,'CIE4065',1,1,2001011003,5,2022,153);
INSERT INTO class(class_id,class_no,course_id,major_id,year,lecturer_id,person_max,opened,room_id) VALUES (8838,10013,'CIE4068',1,4,2001032033,39,2022,82);
INSERT INTO class(class_id,class_no,course_id,major_id,year,lecturer_id,person_max,opened,room_id) VALUES (8839,10014,'COE3053',1,3,2001032067,25,2022,92);
INSERT INTO class(class_id,class_no,course_id,major_id,year,lecturer_id,person_max,opened,room_id) VALUES (8840,10015,'EEC3005',1,3,2001011004,6,2022,107);
INSERT INTO class(class_id,class_no,course_id,major_id,year,lecturer_id,person_max,opened,room_id) VALUES (8841,10016,'GEN6095',1,3,2001032034,36,2022,156);
INSERT INTO class(class_id,class_no,course_id,major_id,year,lecturer_id,person_max,opened,room_id) VALUES (8842,10017,'MME3026',1,3,2001032068,25,2022,91);
INSERT INTO class(class_id,class_no,course_id,major_id,year,lecturer_id,person_max,opened,room_id) VALUES (8843,10020,'CSE4006',2,3,2001021002,7,2022,85);
INSERT INTO class(class_id,class_no,course_id,major_id,year,lecturer_id,person_max,opened,room_id) VALUES (8844,10022,'GEN6095',2,3,2001032035,30,2022,88);
INSERT INTO class(class_id,class_no,course_id,major_id,year,lecturer_id,person_max,opened,room_id) VALUES (8845,10025,'ITE3068',2,3,2001032069,25,2022,117);
INSERT INTO class(class_id,class_no,course_id,major_id,year,lecturer_id,person_max,opened,room_id) VALUES (8846,10027,'ITE3070',2,3,2001031001,8,2022,99);
INSERT INTO class(class_id,class_no,course_id,major_id,year,lecturer_id,person_max,opened,room_id) VALUES (8847,10029,'CSE4006',3,3,2001032036,33,2022,36);
INSERT INTO class(class_id,class_no,course_id,major_id,year,lecturer_id,person_max,opened,room_id) VALUES (8848,10030,'CSE4006',3,3,2001032070,25,2022,193);
INSERT INTO class(class_id,class_no,course_id,major_id,year,lecturer_id,person_max,opened,room_id) VALUES (8849,10031,'ELE3020',3,3,2001032003,9,2022,12);
INSERT INTO class(class_id,class_no,course_id,major_id,year,lecturer_id,person_max,opened,room_id) VALUES (8850,10033,'ELE4029',3,3,2001032037,37,2022,76);
INSERT INTO class(class_id,class_no,course_id,major_id,year,lecturer_id,person_max,opened,room_id) VALUES (8851,10035,'ENE4019',3,3,2001032071,25,2022,54);
INSERT INTO class(class_id,class_no,course_id,major_id,year,lecturer_id,person_max,opened,room_id) VALUES (8852,10036,'ENE4019',3,3,2001032004,10,2022,11);
INSERT INTO class(class_id,class_no,course_id,major_id,year,lecturer_id,person_max,opened,room_id) VALUES (8853,10037,'GEN6006',3,3,2001032038,33,2022,137);
INSERT INTO class(class_id,class_no,course_id,major_id,year,lecturer_id,person_max,opened,room_id) VALUES (8854,10038,'GEN6006',3,3,2001032072,25,2022,6);
INSERT INTO class(class_id,class_no,course_id,major_id,year,lecturer_id,person_max,opened,room_id) VALUES (8855,10041,'ITE3016',3,2,2001021002,11,2022,1);
INSERT INTO class(class_id,class_no,course_id,major_id,year,lecturer_id,person_max,opened,room_id) VALUES (8856,10042,'ITE3016',3,2,2001032035,33,2022,2);
INSERT INTO class(class_id,class_no,course_id,major_id,year,lecturer_id,person_max,opened,room_id) VALUES (8857,10043,'ITE3060',3,3,2001032073,25,2022,66);
INSERT INTO class(class_id,class_no,course_id,major_id,year,lecturer_id,person_max,opened,room_id) VALUES (8858,10045,'MAT3008',3,3,2001032006,12,2022,172);
INSERT INTO class(class_id,class_no,course_id,major_id,year,lecturer_id,person_max,opened,room_id) VALUES (8859,10051,'ECL3005',4,3,2001032040,31,2022,194);
INSERT INTO class(class_id,class_no,course_id,major_id,year,lecturer_id,person_max,opened,room_id) VALUES (8860,10052,'ECL3007',4,2,2001032074,25,2022,106);
INSERT INTO class(class_id,class_no,course_id,major_id,year,lecturer_id,person_max,opened,room_id) VALUES (8861,10055,'ECL4009',4,4,2001032007,13,2022,80);
INSERT INTO class(class_id,class_no,course_id,major_id,year,lecturer_id,person_max,opened,room_id) VALUES (8862,10056,'ECL4010',4,4,2001032041,31,2022,47);
INSERT INTO class(class_id,class_no,course_id,major_id,year,lecturer_id,person_max,opened,room_id) VALUES (8863,10057,'ECL4011',4,4,2001032075,25,2022,158);
INSERT INTO class(class_id,class_no,course_id,major_id,year,lecturer_id,person_max,opened,room_id) VALUES (8864,10058,'ECL4013',4,4,2001032008,14,2022,69);
INSERT INTO class(class_id,class_no,course_id,major_id,year,lecturer_id,person_max,opened,room_id) VALUES (8865,10059,'ECL4014',4,4,2001032042,34,2022,59);
INSERT INTO class(class_id,class_no,course_id,major_id,year,lecturer_id,person_max,opened,room_id) VALUES (8866,10060,'ECL4015',4,4,2001032076,25,2022,168);
INSERT INTO class(class_id,class_no,course_id,major_id,year,lecturer_id,person_max,opened,room_id) VALUES (8867,10061,'ECL4018',4,1,2001032009,15,2022,12);
INSERT INTO class(class_id,class_no,course_id,major_id,year,lecturer_id,person_max,opened,room_id) VALUES (8868,10062,'ELE3004',4,3,2001032043,38,2022,143);
INSERT INTO class(class_id,class_no,course_id,major_id,year,lecturer_id,person_max,opened,room_id) VALUES (8869,10063,'ELE3013',4,3,2001032077,25,2022,33);
INSERT INTO class(class_id,class_no,course_id,major_id,year,lecturer_id,person_max,opened,room_id) VALUES (8870,10065,'ELE4019',4,3,2001032010,16,2022,124);
INSERT INTO class(class_id,class_no,course_id,major_id,year,lecturer_id,person_max,opened,room_id) VALUES (8871,10066,'ELE4025',4,3,2001032044,50,2022,51);
INSERT INTO class(class_id,class_no,course_id,major_id,year,lecturer_id,person_max,opened,room_id) VALUES (8872,10067,'GEN5026',4,3,2001032078,25,2022,186);
INSERT INTO class(class_id,class_no,course_id,major_id,year,lecturer_id,person_max,opened,room_id) VALUES (8873,10072,'ARE3009',5,2,2001032011,17,2022,4);
INSERT INTO class(class_id,class_no,course_id,major_id,year,lecturer_id,person_max,opened,room_id) VALUES (8874,10073,'ARE3069',5,1,2001032045,30,2022,151);
INSERT INTO class(class_id,class_no,course_id,major_id,year,lecturer_id,person_max,opened,room_id) VALUES (8875,10074,'ARE4014',5,4,2001032079,25,2022,111);
INSERT INTO class(class_id,class_no,course_id,major_id,year,lecturer_id,person_max,opened,room_id) VALUES (8876,10075,'ARE4020',5,4,2001032012,18,2022,113);
INSERT INTO class(class_id,class_no,course_id,major_id,year,lecturer_id,person_max,opened,room_id) VALUES (8877,10076,'ARE4022',5,3,2001032046,30,2022,109);
INSERT INTO class(class_id,class_no,course_id,major_id,year,lecturer_id,person_max,opened,room_id) VALUES (8878,10077,'ARE4026',5,1,2001032080,25,2022,18);
INSERT INTO class(class_id,class_no,course_id,major_id,year,lecturer_id,person_max,opened,room_id) VALUES (8879,10078,'ARE4030',5,4,2001032013,19,2022,183);
INSERT INTO class(class_id,class_no,course_id,major_id,year,lecturer_id,person_max,opened,room_id) VALUES (8880,10079,'ARE5013',5,2,2001032047,30,2022,16);
INSERT INTO class(class_id,class_no,course_id,major_id,year,lecturer_id,person_max,opened,room_id) VALUES (8881,10080,'ARE5032',5,4,2001032081,25,2022,173);
INSERT INTO class(class_id,class_no,course_id,major_id,year,lecturer_id,person_max,opened,room_id) VALUES (8882,10081,'CIE2007',5,4,2001032014,20,2022,147);
INSERT INTO class(class_id,class_no,course_id,major_id,year,lecturer_id,person_max,opened,room_id) VALUES (8883,10082,'CIE3070',5,3,2001032048,30,2022,145);
INSERT INTO class(class_id,class_no,course_id,major_id,year,lecturer_id,person_max,opened,room_id) VALUES (8884,10083,'GEN6095',5,3,2001032082,25,2022,50);
INSERT INTO class(class_id,class_no,course_id,major_id,year,lecturer_id,person_max,opened,room_id) VALUES (8885,10084,'MAT3008',5,3,2001032015,21,2022,152);
INSERT INTO class(class_id,class_no,course_id,major_id,year,lecturer_id,person_max,opened,room_id) VALUES (8886,10086,'CHE1015',6,4,2001032049,30,2022,68);
INSERT INTO class(class_id,class_no,course_id,major_id,year,lecturer_id,person_max,opened,room_id) VALUES (8887,10087,'CHE3006',6,2,2001032083,25,2022,192);
INSERT INTO class(class_id,class_no,course_id,major_id,year,lecturer_id,person_max,opened,room_id) VALUES (8888,10088,'CHE3012',6,3,2001032016,22,2022,93);
INSERT INTO class(class_id,class_no,course_id,major_id,year,lecturer_id,person_max,opened,room_id) VALUES (8889,10089,'CHE4053',6,4,2001032050,30,2022,40);
INSERT INTO class(class_id,class_no,course_id,major_id,year,lecturer_id,person_max,opened,room_id) VALUES (8890,10090,'CHE4054',6,4,2001032084,25,2022,197);
INSERT INTO class(class_id,class_no,course_id,major_id,year,lecturer_id,person_max,opened,room_id) VALUES (8891,10091,'CHM3066',6,3,2001032017,23,2022,84);
INSERT INTO class(class_id,class_no,course_id,major_id,year,lecturer_id,person_max,opened,room_id) VALUES (8892,10092,'CHM3078',6,3,2001032051,30,2022,115);
INSERT INTO class(class_id,class_no,course_id,major_id,year,lecturer_id,person_max,opened,room_id) VALUES (8893,10093,'CHM4001',6,2,2001032085,25,2022,70);
INSERT INTO class(class_id,class_no,course_id,major_id,year,lecturer_id,person_max,opened,room_id) VALUES (8894,10094,'CHM4013',6,3,2001032018,24,2022,182);
INSERT INTO class(class_id,class_no,course_id,major_id,year,lecturer_id,person_max,opened,room_id) VALUES (8895,10096,'CHM4083',6,4,2001032052,30,2022,8);
INSERT INTO class(class_id,class_no,course_id,major_id,year,lecturer_id,person_max,opened,room_id) VALUES (8897,10099,'CME4002',6,4,2001032019,25,2022,31);
INSERT INTO class(class_id,class_no,course_id,major_id,year,lecturer_id,person_max,opened,room_id) VALUES (8898,10100,'COE1011',6,3,2001032053,30,2022,13);
INSERT INTO class(class_id,class_no,course_id,major_id,year,lecturer_id,person_max,opened,room_id) VALUES (8900,10102,'GEN3052',6,1,2001032020,26,2022,164);
INSERT INTO class(class_id,class_no,course_id,major_id,year,lecturer_id,person_max,opened,room_id) VALUES (8901,10103,'GEN5026',6,3,2001032054,30,2022,75);
INSERT INTO class(class_id,class_no,course_id,major_id,year,lecturer_id,person_max,opened,room_id) VALUES (8903,10105,'MEE4001',6,3,2001032021,27,2022,10);
INSERT INTO class(class_id,class_no,course_id,major_id,year,lecturer_id,person_max,opened,room_id) VALUES (8904,10108,'BIO2022',7,3,2001032055,30,2022,138);
INSERT INTO class(class_id,class_no,course_id,major_id,year,lecturer_id,person_max,opened,room_id) VALUES (8906,10112,'BTN4005',7,4,2001032022,28,2022,167);
INSERT INTO class(class_id,class_no,course_id,major_id,year,lecturer_id,person_max,opened,room_id) VALUES (8907,10113,'BTN4009',7,4,2001032056,30,2022,157);
INSERT INTO class(class_id,class_no,course_id,major_id,year,lecturer_id,person_max,opened,room_id) VALUES (8909,10115,'BTN4012',7,4,2001032023,29,2022,103);
INSERT INTO class(class_id,class_no,course_id,major_id,year,lecturer_id,person_max,opened,room_id) VALUES (8910,10117,'COE1011',7,3,2001032057,30,2022,133);
INSERT INTO class(class_id,class_no,course_id,major_id,year,lecturer_id,person_max,opened,room_id) VALUES (8912,10119,'DBC3018',7,3,2001032024,30,2022,199);
INSERT INTO class(class_id,class_no,course_id,major_id,year,lecturer_id,person_max,opened,room_id) VALUES (8913,10120,'GEN5026',7,3,2001032058,30,2022,116);
INSERT INTO class(class_id,class_no,course_id,major_id,year,lecturer_id,person_max,opened,room_id) VALUES (8915,10124,'GEN6095',8,3,2001032025,31,2022,72);
INSERT INTO class(class_id,class_no,course_id,major_id,year,lecturer_id,person_max,opened,room_id) VALUES (8916,10125,'ICH4022',8,3,2001032059,30,2022,127);
INSERT INTO class(class_id,class_no,course_id,major_id,year,lecturer_id,person_max,opened,room_id) VALUES (8918,10131,'ONE4004',8,4,2001032026,32,2022,41);
INSERT INTO class(class_id,class_no,course_id,major_id,year,lecturer_id,person_max,opened,room_id) VALUES (8919,10132,'ONE4005',8,4,2001032060,30,2022,60);
INSERT INTO class(class_id,class_no,course_id,major_id,year,lecturer_id,person_max,opened,room_id) VALUES (8921,10135,'ONE4011',8,4,2001032027,33,2022,122);
INSERT INTO class(class_id,class_no,course_id,major_id,year,lecturer_id,person_max,opened,room_id) VALUES (8922,10140,'TXE4065',8,4,2001032061,30,2022,17);
INSERT INTO class(class_id,class_no,course_id,major_id,year,lecturer_id,person_max,opened,room_id) VALUES (8924,10142,'CHM4013',9,3,2001032028,34,2022,90);
INSERT INTO class(class_id,class_no,course_id,major_id,year,lecturer_id,person_max,opened,room_id) VALUES (8925,10144,'EGY3001',9,3,2001032062,30,2022,179);
INSERT INTO class(class_id,class_no,course_id,major_id,year,lecturer_id,person_max,opened,room_id) VALUES (8927,10147,'EGY4013',9,4,2001032029,35,2022,170);
INSERT INTO class(class_id,class_no,course_id,major_id,year,lecturer_id,person_max,opened,room_id) VALUES (8928,10148,'EGY4016',9,4,2001032063,30,2022,128);
INSERT INTO class(class_id,class_no,course_id,major_id,year,lecturer_id,person_max,opened,room_id) VALUES (8930,10150,'EGY4019',9,1,2001032030,36,2022,134);
INSERT INTO class(class_id,class_no,course_id,major_id,year,lecturer_id,person_max,opened,room_id) VALUES (8931,10151,'GEN5026',9,3,2001032064,25,2022,160);
INSERT INTO class(class_id,class_no,course_id,major_id,year,lecturer_id,person_max,opened,room_id) VALUES (88311,10003,'CIE3022',1,1,2001001001,25,2021,169);
INSERT INTO class(class_id,class_no,course_id,major_id,year,lecturer_id,person_max,opened,room_id) VALUES (88312,10003,'CIE3022',1,1,2001001001,22,2020,169);
INSERT INTO class(class_id,class_no,course_id,major_id,year,lecturer_id,person_max,opened,room_id) VALUES (88313,10003,'CIE3022',1,1,2001001001,34,2019,169);
INSERT INTO class(class_id,class_no,course_id,major_id,year,lecturer_id,person_max,opened,room_id) VALUES (88321,10004,'CIE3032',1,2,2001032031,37,2021,163);
INSERT INTO class(class_id,class_no,course_id,major_id,year,lecturer_id,person_max,opened,room_id) VALUES (88322,10004,'CIE3032',1,2,2001032031,34,2020,163);
INSERT INTO class(class_id,class_no,course_id,major_id,year,lecturer_id,person_max,opened,room_id) VALUES (88323,10004,'CIE3032',1,2,2001032031,37,2019,163);
INSERT INTO class(class_id,class_no,course_id,major_id,year,lecturer_id,person_max,opened,room_id) VALUES (88331,10005,'CIE3033',1,1,2001032065,35,2021,101);
INSERT INTO class(class_id,class_no,course_id,major_id,year,lecturer_id,person_max,opened,room_id) VALUES (88332,10005,'CIE3033',1,1,2001032065,27,2020,101);
INSERT INTO class(class_id,class_no,course_id,major_id,year,lecturer_id,person_max,opened,room_id) VALUES (88333,10005,'CIE3033',1,1,2001032065,2,2019,101);
INSERT INTO class(class_id,class_no,course_id,major_id,year,lecturer_id,person_max,opened,room_id) VALUES (88341,10007,'CIE4011',1,1,2001001002,25,2021,7);
INSERT INTO class(class_id,class_no,course_id,major_id,year,lecturer_id,person_max,opened,room_id) VALUES (88342,10007,'CIE4011',1,1,2001001002,28,2020,7);
INSERT INTO class(class_id,class_no,course_id,major_id,year,lecturer_id,person_max,opened,room_id) VALUES (88343,10007,'CIE4011',1,1,2001001002,32,2019,6);
INSERT INTO class(class_id,class_no,course_id,major_id,year,lecturer_id,person_max,opened,room_id) VALUES (88351,10009,'CIE4047',1,4,2001032032,38,2021,65);
INSERT INTO class(class_id,class_no,course_id,major_id,year,lecturer_id,person_max,opened,room_id) VALUES (88352,10009,'CIE4047',1,4,2001032032,23,2020,65);
INSERT INTO class(class_id,class_no,course_id,major_id,year,lecturer_id,person_max,opened,room_id) VALUES (88353,10009,'CIE4047',1,4,2001032032,38,2019,65);
INSERT INTO class(class_id,class_no,course_id,major_id,year,lecturer_id,person_max,opened,room_id) VALUES (88361,10010,'CIE4058',1,3,2001032066,25,2021,148);
INSERT INTO class(class_id,class_no,course_id,major_id,year,lecturer_id,person_max,opened,room_id) VALUES (88362,10010,'CIE4058',1,3,2001032066,36,2020,148);
INSERT INTO class(class_id,class_no,course_id,major_id,year,lecturer_id,person_max,opened,room_id) VALUES (88363,10010,'CIE4058',1,3,2001032066,3,2019,148);
INSERT INTO class(class_id,class_no,course_id,major_id,year,lecturer_id,person_max,opened,room_id) VALUES (88371,10012,'CIE4065',1,1,2001011003,25,2021,153);
INSERT INTO class(class_id,class_no,course_id,major_id,year,lecturer_id,person_max,opened,room_id) VALUES (88372,10012,'CIE4065',1,1,2001011003,33,2020,153);
INSERT INTO class(class_id,class_no,course_id,major_id,year,lecturer_id,person_max,opened,room_id) VALUES (88373,10012,'CIE4065',1,1,2001011003,26,2019,153);
INSERT INTO class(class_id,class_no,course_id,major_id,year,lecturer_id,person_max,opened,room_id) VALUES (88381,10013,'CIE4068',1,4,2001032033,29,2021,82);
INSERT INTO class(class_id,class_no,course_id,major_id,year,lecturer_id,person_max,opened,room_id) VALUES (88382,10013,'CIE4068',1,4,2001032033,36,2020,82);
INSERT INTO class(class_id,class_no,course_id,major_id,year,lecturer_id,person_max,opened,room_id) VALUES (88383,10013,'CIE4068',1,4,2001032033,39,2019,82);
INSERT INTO class(class_id,class_no,course_id,major_id,year,lecturer_id,person_max,opened,room_id) VALUES (88391,10014,'COE3053',1,3,2001032067,25,2021,92);
INSERT INTO class(class_id,class_no,course_id,major_id,year,lecturer_id,person_max,opened,room_id) VALUES (88392,10014,'COE3053',1,3,2001032067,36,2020,92);
INSERT INTO class(class_id,class_no,course_id,major_id,year,lecturer_id,person_max,opened,room_id) VALUES (88393,10014,'COE3053',1,3,2001032067,4,2019,92);
INSERT INTO class(class_id,class_no,course_id,major_id,year,lecturer_id,person_max,opened,room_id) VALUES (88401,10015,'EEC3005',1,3,2001011004,25,2021,107);
INSERT INTO class(class_id,class_no,course_id,major_id,year,lecturer_id,person_max,opened,room_id) VALUES (88402,10015,'EEC3005',1,3,2001011004,38,2020,107);
INSERT INTO class(class_id,class_no,course_id,major_id,year,lecturer_id,person_max,opened,room_id) VALUES (88403,10015,'EEC3005',1,3,2001011004,27,2019,107);
INSERT INTO class(class_id,class_no,course_id,major_id,year,lecturer_id,person_max,opened,room_id) VALUES (88411,10016,'GEN6095',1,3,2001032034,40,2021,50);
INSERT INTO class(class_id,class_no,course_id,major_id,year,lecturer_id,person_max,opened,room_id) VALUES (88412,10016,'GEN6095',1,3,2001032034,32,2020,14);
INSERT INTO class(class_id,class_no,course_id,major_id,year,lecturer_id,person_max,opened,room_id) VALUES (88413,10016,'GEN6095',1,3,2001032034,40,2019,60);
INSERT INTO class(class_id,class_no,course_id,major_id,year,lecturer_id,person_max,opened,room_id) VALUES (88421,10017,'MME3026',1,3,2001032068,35,2021,91);
INSERT INTO class(class_id,class_no,course_id,major_id,year,lecturer_id,person_max,opened,room_id) VALUES (88422,10017,'MME3026',1,3,2001032068,29,2020,91);
INSERT INTO class(class_id,class_no,course_id,major_id,year,lecturer_id,person_max,opened,room_id) VALUES (88423,10017,'MME3026',1,3,2001032068,5,2019,91);
INSERT INTO class(class_id,class_no,course_id,major_id,year,lecturer_id,person_max,opened,room_id) VALUES (88431,10020,'CSE4006',2,3,2001021002,25,2021,19);
INSERT INTO class(class_id,class_no,course_id,major_id,year,lecturer_id,person_max,opened,room_id) VALUES (88432,10020,'CSE4006',2,3,2001021002,20,2020,83);
INSERT INTO class(class_id,class_no,course_id,major_id,year,lecturer_id,person_max,opened,room_id) VALUES (88433,10020,'CSE4006',2,3,2001021002,26,2019,110);
INSERT INTO class(class_id,class_no,course_id,major_id,year,lecturer_id,person_max,opened,room_id) VALUES (88441,10022,'GEN6095',2,3,2001032035,29,2021,50);
INSERT INTO class(class_id,class_no,course_id,major_id,year,lecturer_id,person_max,opened,room_id) VALUES (88442,10022,'GEN6095',2,3,2001032035,31,2020,80);
INSERT INTO class(class_id,class_no,course_id,major_id,year,lecturer_id,person_max,opened,room_id) VALUES (88443,10022,'GEN6095',2,3,2001032035,34,2019,157);
INSERT INTO class(class_id,class_no,course_id,major_id,year,lecturer_id,person_max,opened,room_id) VALUES (88451,10025,'ITE3068',2,3,2001032069,29,2021,3);
INSERT INTO class(class_id,class_no,course_id,major_id,year,lecturer_id,person_max,opened,room_id) VALUES (88452,10025,'ITE3068',2,3,2001032069,24,2020,2);
INSERT INTO class(class_id,class_no,course_id,major_id,year,lecturer_id,person_max,opened,room_id) VALUES (88453,10025,'ITE3068',2,3,2001032069,6,2019,3);
INSERT INTO class(class_id,class_no,course_id,major_id,year,lecturer_id,person_max,opened,room_id) VALUES (88461,10027,'ITE3070',2,3,2001031001,25,2021,99);
INSERT INTO class(class_id,class_no,course_id,major_id,year,lecturer_id,person_max,opened,room_id) VALUES (88462,10027,'ITE3070',2,3,2001031001,19,2020,99);
INSERT INTO class(class_id,class_no,course_id,major_id,year,lecturer_id,person_max,opened,room_id) VALUES (88463,10027,'ITE3070',2,3,2001031001,22,2019,99);
INSERT INTO class(class_id,class_no,course_id,major_id,year,lecturer_id,person_max,opened,room_id) VALUES (88471,10029,'CSE4006',3,3,2001032036,33,2021,18);
INSERT INTO class(class_id,class_no,course_id,major_id,year,lecturer_id,person_max,opened,room_id) VALUES (88472,10029,'CSE4006',3,3,2001032036,32,2020,14);
INSERT INTO class(class_id,class_no,course_id,major_id,year,lecturer_id,person_max,opened,room_id) VALUES (88473,10029,'CSE4006',3,3,2001032036,30,2019,113);
INSERT INTO class(class_id,class_no,course_id,major_id,year,lecturer_id,person_max,opened,room_id) VALUES (88481,10030,'CSE4006',3,3,2001032070,19,2021,75);
INSERT INTO class(class_id,class_no,course_id,major_id,year,lecturer_id,person_max,opened,room_id) VALUES (88482,10030,'CSE4006',3,3,2001032070,29,2020,112);
INSERT INTO class(class_id,class_no,course_id,major_id,year,lecturer_id,person_max,opened,room_id) VALUES (88483,10030,'CSE4006',3,3,2001032070,7,2019,118);
INSERT INTO class(class_id,class_no,course_id,major_id,year,lecturer_id,person_max,opened,room_id) VALUES (88491,10031,'ELE3020',3,3,2001032003,25,2021,12);
INSERT INTO class(class_id,class_no,course_id,major_id,year,lecturer_id,person_max,opened,room_id) VALUES (88492,10031,'ELE3020',3,3,2001032003,28,2020,12);
INSERT INTO class(class_id,class_no,course_id,major_id,year,lecturer_id,person_max,opened,room_id) VALUES (88493,10031,'ELE3020',3,3,2001032003,39,2019,12);
INSERT INTO class(class_id,class_no,course_id,major_id,year,lecturer_id,person_max,opened,room_id) VALUES (88501,10033,'ELE4029',3,3,2001032037,33,2021,76);
INSERT INTO class(class_id,class_no,course_id,major_id,year,lecturer_id,person_max,opened,room_id) VALUES (88502,10033,'ELE4029',3,3,2001032037,40,2020,76);
INSERT INTO class(class_id,class_no,course_id,major_id,year,lecturer_id,person_max,opened,room_id) VALUES (88503,10033,'ELE4029',3,3,2001032037,34,2019,76);
INSERT INTO class(class_id,class_no,course_id,major_id,year,lecturer_id,person_max,opened,room_id) VALUES (88511,10035,'ENE4019',3,3,2001032071,34,2021,18);
INSERT INTO class(class_id,class_no,course_id,major_id,year,lecturer_id,person_max,opened,room_id) VALUES (88512,10035,'ENE4019',3,3,2001032071,23,2020,108);
INSERT INTO class(class_id,class_no,course_id,major_id,year,lecturer_id,person_max,opened,room_id) VALUES (88513,10035,'ENE4019',3,3,2001032071,8,2019,90);
INSERT INTO class(class_id,class_no,course_id,major_id,year,lecturer_id,person_max,opened,room_id) VALUES (88521,10036,'ENE4019',3,3,2001032004,25,2021,13);
INSERT INTO class(class_id,class_no,course_id,major_id,year,lecturer_id,person_max,opened,room_id) VALUES (88522,10036,'ENE4019',3,3,2001032004,27,2020,114);
INSERT INTO class(class_id,class_no,course_id,major_id,year,lecturer_id,person_max,opened,room_id) VALUES (88523,10036,'ENE4019',3,3,2001032004,10,2019,108);
INSERT INTO class(class_id,class_no,course_id,major_id,year,lecturer_id,person_max,opened,room_id) VALUES (88531,10037,'GEN6006',3,3,2001032038,35,2021,6);
INSERT INTO class(class_id,class_no,course_id,major_id,year,lecturer_id,person_max,opened,room_id) VALUES (88532,10037,'GEN6006',3,3,2001032038,21,2020,6);
INSERT INTO class(class_id,class_no,course_id,major_id,year,lecturer_id,person_max,opened,room_id) VALUES (88533,10037,'GEN6006',3,3,2001032038,38,2019,6);
INSERT INTO class(class_id,class_no,course_id,major_id,year,lecturer_id,person_max,opened,room_id) VALUES (88541,10038,'GEN6006',3,3,2001032072,30,2021,6);
INSERT INTO class(class_id,class_no,course_id,major_id,year,lecturer_id,person_max,opened,room_id) VALUES (88542,10038,'GEN6006',3,3,2001032072,24,2020,6);
INSERT INTO class(class_id,class_no,course_id,major_id,year,lecturer_id,person_max,opened,room_id) VALUES (88543,10038,'GEN6006',3,3,2001032072,9,2019,6);
INSERT INTO class(class_id,class_no,course_id,major_id,year,lecturer_id,person_max,opened,room_id) VALUES (88551,10041,'ITE3016',3,2,2001032036,25,2021,3);
INSERT INTO class(class_id,class_no,course_id,major_id,year,lecturer_id,person_max,opened,room_id) VALUES (88552,10041,'ITE3016',3,2,2001021002,32,2020,5);
INSERT INTO class(class_id,class_no,course_id,major_id,year,lecturer_id,person_max,opened,room_id) VALUES (88553,10041,'ITE3016',3,2,2001032005,11,2019,7);
INSERT INTO class(class_id,class_no,course_id,major_id,year,lecturer_id,person_max,opened,room_id) VALUES (88561,10042,'ITE3016',3,2,2001032039,32,2021,4);
INSERT INTO class(class_id,class_no,course_id,major_id,year,lecturer_id,person_max,opened,room_id) VALUES (88562,10042,'ITE3016',3,2,2001032036,28,2020,6);
INSERT INTO class(class_id,class_no,course_id,major_id,year,lecturer_id,person_max,opened,room_id) VALUES (88563,10042,'ITE3016',3,2,2001032035,37,2019,11);
INSERT INTO class(class_id,class_no,course_id,major_id,year,lecturer_id,person_max,opened,room_id) VALUES (88571,10043,'ITE3060',3,3,2001032073,34,2021,5);
INSERT INTO class(class_id,class_no,course_id,major_id,year,lecturer_id,person_max,opened,room_id) VALUES (88572,10043,'ITE3060',3,3,2001032073,30,2020,5);
INSERT INTO class(class_id,class_no,course_id,major_id,year,lecturer_id,person_max,opened,room_id) VALUES (88573,10043,'ITE3060',3,3,2001032073,10,2019,5);
INSERT INTO class(class_id,class_no,course_id,major_id,year,lecturer_id,person_max,opened,room_id) VALUES (88581,10045,'MAT3008',3,3,2001032006,25,2021,10);
INSERT INTO class(class_id,class_no,course_id,major_id,year,lecturer_id,person_max,opened,room_id) VALUES (88582,10045,'MAT3008',3,3,2001032006,29,2020,87);
INSERT INTO class(class_id,class_no,course_id,major_id,year,lecturer_id,person_max,opened,room_id) VALUES (88583,10045,'MAT3008',3,3,2001032006,12,2019,107);
INSERT INTO class(class_id,class_no,course_id,major_id,year,lecturer_id,person_max,opened,room_id) VALUES (88591,10051,'ECL3005',4,3,2001032040,25,2021,194);
INSERT INTO class(class_id,class_no,course_id,major_id,year,lecturer_id,person_max,opened,room_id) VALUES (88592,10051,'ECL3005',4,3,2001032040,35,2020,194);
INSERT INTO class(class_id,class_no,course_id,major_id,year,lecturer_id,person_max,opened,room_id) VALUES (88593,10051,'ECL3005',4,3,2001032040,32,2019,194);
INSERT INTO class(class_id,class_no,course_id,major_id,year,lecturer_id,person_max,opened,room_id) VALUES (88601,10052,'ECL3007',4,2,2001032074,38,2021,106);
INSERT INTO class(class_id,class_no,course_id,major_id,year,lecturer_id,person_max,opened,room_id) VALUES (88602,10052,'ECL3007',4,2,2001032074,20,2020,106);
INSERT INTO class(class_id,class_no,course_id,major_id,year,lecturer_id,person_max,opened,room_id) VALUES (88603,10052,'ECL3007',4,2,2001032074,11,2019,106);
INSERT INTO class(class_id,class_no,course_id,major_id,year,lecturer_id,person_max,opened,room_id) VALUES (88611,10055,'ECL4009',4,4,2001032007,25,2021,80);
INSERT INTO class(class_id,class_no,course_id,major_id,year,lecturer_id,person_max,opened,room_id) VALUES (88612,10055,'ECL4009',4,4,2001032007,22,2020,80);
INSERT INTO class(class_id,class_no,course_id,major_id,year,lecturer_id,person_max,opened,room_id) VALUES (88613,10055,'ECL4009',4,4,2001032007,13,2019,80);
INSERT INTO class(class_id,class_no,course_id,major_id,year,lecturer_id,person_max,opened,room_id) VALUES (88621,10056,'ECL4010',4,4,2001032041,36,2021,47);
INSERT INTO class(class_id,class_no,course_id,major_id,year,lecturer_id,person_max,opened,room_id) VALUES (88622,10056,'ECL4010',4,4,2001032041,32,2020,47);
INSERT INTO class(class_id,class_no,course_id,major_id,year,lecturer_id,person_max,opened,room_id) VALUES (88623,10056,'ECL4010',4,4,2001032041,32,2019,47);
INSERT INTO class(class_id,class_no,course_id,major_id,year,lecturer_id,person_max,opened,room_id) VALUES (88631,10057,'ECL4011',4,4,2001032075,37,2021,158);
INSERT INTO class(class_id,class_no,course_id,major_id,year,lecturer_id,person_max,opened,room_id) VALUES (88632,10057,'ECL4011',4,4,2001032075,38,2020,158);
INSERT INTO class(class_id,class_no,course_id,major_id,year,lecturer_id,person_max,opened,room_id) VALUES (88633,10057,'ECL4011',4,4,2001032075,12,2019,158);
INSERT INTO class(class_id,class_no,course_id,major_id,year,lecturer_id,person_max,opened,room_id) VALUES (88641,10058,'ECL4013',4,4,2001032008,25,2021,69);
INSERT INTO class(class_id,class_no,course_id,major_id,year,lecturer_id,person_max,opened,room_id) VALUES (88642,10058,'ECL4013',4,4,2001032008,18,2020,69);
INSERT INTO class(class_id,class_no,course_id,major_id,year,lecturer_id,person_max,opened,room_id) VALUES (88643,10058,'ECL4013',4,4,2001032008,14,2019,69);
INSERT INTO class(class_id,class_no,course_id,major_id,year,lecturer_id,person_max,opened,room_id) VALUES (88651,10059,'ECL4014',4,4,2001032042,33,2021,59);
INSERT INTO class(class_id,class_no,course_id,major_id,year,lecturer_id,person_max,opened,room_id) VALUES (88652,10059,'ECL4014',4,4,2001032042,40,2020,59);
INSERT INTO class(class_id,class_no,course_id,major_id,year,lecturer_id,person_max,opened,room_id) VALUES (88653,10059,'ECL4014',4,4,2001032042,18,2019,59);
INSERT INTO class(class_id,class_no,course_id,major_id,year,lecturer_id,person_max,opened,room_id) VALUES (88661,10060,'ECL4015',4,4,2001032076,32,2021,168);
INSERT INTO class(class_id,class_no,course_id,major_id,year,lecturer_id,person_max,opened,room_id) VALUES (88662,10060,'ECL4015',4,4,2001032076,39,2020,168);
INSERT INTO class(class_id,class_no,course_id,major_id,year,lecturer_id,person_max,opened,room_id) VALUES (88663,10060,'ECL4015',4,4,2001032076,13,2019,168);
INSERT INTO class(class_id,class_no,course_id,major_id,year,lecturer_id,person_max,opened,room_id) VALUES (88671,10061,'ECL4018',4,1,2001032009,25,2021,12);
INSERT INTO class(class_id,class_no,course_id,major_id,year,lecturer_id,person_max,opened,room_id) VALUES (88672,10061,'ECL4018',4,1,2001032009,27,2020,12);
INSERT INTO class(class_id,class_no,course_id,major_id,year,lecturer_id,person_max,opened,room_id) VALUES (88673,10061,'ECL4018',4,1,2001032009,15,2019,12);
INSERT INTO class(class_id,class_no,course_id,major_id,year,lecturer_id,person_max,opened,room_id) VALUES (88681,10062,'ELE3004',4,3,2001032043,21,2021,143);
INSERT INTO class(class_id,class_no,course_id,major_id,year,lecturer_id,person_max,opened,room_id) VALUES (88682,10062,'ELE3004',4,3,2001032043,24,2020,143);
INSERT INTO class(class_id,class_no,course_id,major_id,year,lecturer_id,person_max,opened,room_id) VALUES (88683,10062,'ELE3004',4,3,2001032043,37,2019,143);
INSERT INTO class(class_id,class_no,course_id,major_id,year,lecturer_id,person_max,opened,room_id) VALUES (88691,10063,'ELE3013',4,3,2001032077,32,2021,33);
INSERT INTO class(class_id,class_no,course_id,major_id,year,lecturer_id,person_max,opened,room_id) VALUES (88692,10063,'ELE3013',4,3,2001032077,34,2020,33);
INSERT INTO class(class_id,class_no,course_id,major_id,year,lecturer_id,person_max,opened,room_id) VALUES (88693,10063,'ELE3013',4,3,2001032077,14,2019,33);
INSERT INTO class(class_id,class_no,course_id,major_id,year,lecturer_id,person_max,opened,room_id) VALUES (88701,10065,'ELE4019',4,3,2001032010,25,2021,124);
INSERT INTO class(class_id,class_no,course_id,major_id,year,lecturer_id,person_max,opened,room_id) VALUES (88702,10065,'ELE4019',4,3,2001032010,35,2020,124);
INSERT INTO class(class_id,class_no,course_id,major_id,year,lecturer_id,person_max,opened,room_id) VALUES (88703,10065,'ELE4019',4,3,2001032010,16,2019,124);
INSERT INTO class(class_id,class_no,course_id,major_id,year,lecturer_id,person_max,opened,room_id) VALUES (88711,10066,'ELE4025',4,3,2001032044,23,2021,51);
INSERT INTO class(class_id,class_no,course_id,major_id,year,lecturer_id,person_max,opened,room_id) VALUES (88712,10066,'ELE4025',4,3,2001032044,20,2020,51);
INSERT INTO class(class_id,class_no,course_id,major_id,year,lecturer_id,person_max,opened,room_id) VALUES (88713,10066,'ELE4025',4,3,2001032044,34,2019,51);
INSERT INTO class(class_id,class_no,course_id,major_id,year,lecturer_id,person_max,opened,room_id) VALUES (88721,10067,'GEN5026',4,3,2001032078,18,2021,75);
INSERT INTO class(class_id,class_no,course_id,major_id,year,lecturer_id,person_max,opened,room_id) VALUES (88722,10067,'GEN5026',4,3,2001032078,37,2020,136);
INSERT INTO class(class_id,class_no,course_id,major_id,year,lecturer_id,person_max,opened,room_id) VALUES (88723,10067,'GEN5026',4,3,2001032078,15,2019,136);
INSERT INTO class(class_id,class_no,course_id,major_id,year,lecturer_id,person_max,opened,room_id) VALUES (88731,10072,'ARE3009',5,2,2001032011,25,2021,4);
INSERT INTO class(class_id,class_no,course_id,major_id,year,lecturer_id,person_max,opened,room_id) VALUES (88732,10072,'ARE3009',5,2,2001032011,38,2020,4);
INSERT INTO class(class_id,class_no,course_id,major_id,year,lecturer_id,person_max,opened,room_id) VALUES (88733,10072,'ARE3009',5,2,2001032011,17,2019,4);
INSERT INTO class(class_id,class_no,course_id,major_id,year,lecturer_id,person_max,opened,room_id) VALUES (88741,10073,'ARE3069',5,1,2001032045,30,2021,151);
INSERT INTO class(class_id,class_no,course_id,major_id,year,lecturer_id,person_max,opened,room_id) VALUES (88742,10073,'ARE3069',5,1,2001032045,29,2020,151);
INSERT INTO class(class_id,class_no,course_id,major_id,year,lecturer_id,person_max,opened,room_id) VALUES (88743,10073,'ARE3069',5,1,2001032045,34,2019,151);
INSERT INTO class(class_id,class_no,course_id,major_id,year,lecturer_id,person_max,opened,room_id) VALUES (88751,10074,'ARE4014',5,4,2001032079,37,2021,111);
INSERT INTO class(class_id,class_no,course_id,major_id,year,lecturer_id,person_max,opened,room_id) VALUES (88752,10074,'ARE4014',5,4,2001032079,35,2020,111);
INSERT INTO class(class_id,class_no,course_id,major_id,year,lecturer_id,person_max,opened,room_id) VALUES (88753,10074,'ARE4014',5,4,2001032079,16,2019,111);
INSERT INTO class(class_id,class_no,course_id,major_id,year,lecturer_id,person_max,opened,room_id) VALUES (88761,10075,'ARE4020',5,4,2001032012,25,2021,113);
INSERT INTO class(class_id,class_no,course_id,major_id,year,lecturer_id,person_max,opened,room_id) VALUES (88762,10075,'ARE4020',5,4,2001032012,18,2020,113);
INSERT INTO class(class_id,class_no,course_id,major_id,year,lecturer_id,person_max,opened,room_id) VALUES (88763,10075,'ARE4020',5,4,2001032012,18,2019,113);
INSERT INTO class(class_id,class_no,course_id,major_id,year,lecturer_id,person_max,opened,room_id) VALUES (88771,10076,'ARE4022',5,3,2001032046,35,2021,109);
INSERT INTO class(class_id,class_no,course_id,major_id,year,lecturer_id,person_max,opened,room_id) VALUES (88772,10076,'ARE4022',5,3,2001032046,22,2020,109);
INSERT INTO class(class_id,class_no,course_id,major_id,year,lecturer_id,person_max,opened,room_id) VALUES (88773,10076,'ARE4022',5,3,2001032046,30,2019,109);
INSERT INTO class(class_id,class_no,course_id,major_id,year,lecturer_id,person_max,opened,room_id) VALUES (88781,10077,'ARE4026',5,1,2001032080,34,2021,18);
INSERT INTO class(class_id,class_no,course_id,major_id,year,lecturer_id,person_max,opened,room_id) VALUES (88782,10077,'ARE4026',5,1,2001032080,31,2020,18);
INSERT INTO class(class_id,class_no,course_id,major_id,year,lecturer_id,person_max,opened,room_id) VALUES (88783,10077,'ARE4026',5,1,2001032080,17,2019,18);
INSERT INTO class(class_id,class_no,course_id,major_id,year,lecturer_id,person_max,opened,room_id) VALUES (88791,10078,'ARE4030',5,4,2001032013,25,2021,183);
INSERT INTO class(class_id,class_no,course_id,major_id,year,lecturer_id,person_max,opened,room_id) VALUES (88792,10078,'ARE4030',5,4,2001032013,28,2020,183);
INSERT INTO class(class_id,class_no,course_id,major_id,year,lecturer_id,person_max,opened,room_id) VALUES (88793,10078,'ARE4030',5,4,2001032013,19,2019,183);
INSERT INTO class(class_id,class_no,course_id,major_id,year,lecturer_id,person_max,opened,room_id) VALUES (88801,10079,'ARE5013',5,2,2001032047,40,2021,16);
INSERT INTO class(class_id,class_no,course_id,major_id,year,lecturer_id,person_max,opened,room_id) VALUES (88802,10079,'ARE5013',5,2,2001032047,35,2020,16);
INSERT INTO class(class_id,class_no,course_id,major_id,year,lecturer_id,person_max,opened,room_id) VALUES (88803,10079,'ARE5013',5,2,2001032047,34,2019,16);
INSERT INTO class(class_id,class_no,course_id,major_id,year,lecturer_id,person_max,opened,room_id) VALUES (88811,10080,'ARE5032',5,4,2001032081,21,2021,173);
INSERT INTO class(class_id,class_no,course_id,major_id,year,lecturer_id,person_max,opened,room_id) VALUES (88812,10080,'ARE5032',5,4,2001032081,28,2020,173);
INSERT INTO class(class_id,class_no,course_id,major_id,year,lecturer_id,person_max,opened,room_id) VALUES (88813,10080,'ARE5032',5,4,2001032081,18,2019,173);
INSERT INTO class(class_id,class_no,course_id,major_id,year,lecturer_id,person_max,opened,room_id) VALUES (88821,10081,'CIE2007',5,4,2001032014,25,2021,147);
INSERT INTO class(class_id,class_no,course_id,major_id,year,lecturer_id,person_max,opened,room_id) VALUES (88822,10081,'CIE2007',5,4,2001032014,20,2020,147);
INSERT INTO class(class_id,class_no,course_id,major_id,year,lecturer_id,person_max,opened,room_id) VALUES (88823,10081,'CIE2007',5,4,2001032014,20,2019,147);
INSERT INTO class(class_id,class_no,course_id,major_id,year,lecturer_id,person_max,opened,room_id) VALUES (88831,10082,'CIE3070',5,3,2001032048,18,2021,145);
INSERT INTO class(class_id,class_no,course_id,major_id,year,lecturer_id,person_max,opened,room_id) VALUES (88832,10082,'CIE3070',5,3,2001032048,35,2020,145);
INSERT INTO class(class_id,class_no,course_id,major_id,year,lecturer_id,person_max,opened,room_id) VALUES (88833,10082,'CIE3070',5,3,2001032048,38,2019,145);
INSERT INTO class(class_id,class_no,course_id,major_id,year,lecturer_id,person_max,opened,room_id) VALUES (88841,10083,'GEN6095',5,3,2001032082,22,2021,14);
INSERT INTO class(class_id,class_no,course_id,major_id,year,lecturer_id,person_max,opened,room_id) VALUES (88842,10083,'GEN6095',5,3,2001032082,20,2020,80);
INSERT INTO class(class_id,class_no,course_id,major_id,year,lecturer_id,person_max,opened,room_id) VALUES (88843,10083,'GEN6095',5,3,2001032082,19,2019,157);
INSERT INTO class(class_id,class_no,course_id,major_id,year,lecturer_id,person_max,opened,room_id) VALUES (88851,10084,'MAT3008',5,3,2001032015,21,2021,10);
INSERT INTO class(class_id,class_no,course_id,major_id,year,lecturer_id,person_max,opened,room_id) VALUES (88852,10084,'MAT3008',5,3,2001032015,26,2020,87);
INSERT INTO class(class_id,class_no,course_id,major_id,year,lecturer_id,person_max,opened,room_id) VALUES (88853,10084,'MAT3008',5,3,2001032015,21,2019,107);
INSERT INTO class(class_id,class_no,course_id,major_id,year,lecturer_id,person_max,opened,room_id) VALUES (88861,10086,'CHE1015',6,4,2001032049,29,2021,68);
INSERT INTO class(class_id,class_no,course_id,major_id,year,lecturer_id,person_max,opened,room_id) VALUES (88862,10086,'CHE1015',6,4,2001032049,37,2020,68);
INSERT INTO class(class_id,class_no,course_id,major_id,year,lecturer_id,person_max,opened,room_id) VALUES (88863,10086,'CHE1015',6,4,2001032049,37,2019,68);
INSERT INTO class(class_id,class_no,course_id,major_id,year,lecturer_id,person_max,opened,room_id) VALUES (88871,10087,'CHE3006',6,2,2001032083,23,2021,192);
INSERT INTO class(class_id,class_no,course_id,major_id,year,lecturer_id,person_max,opened,room_id) VALUES (88872,10087,'CHE3006',6,2,2001032083,37,2020,192);
INSERT INTO class(class_id,class_no,course_id,major_id,year,lecturer_id,person_max,opened,room_id) VALUES (88873,10087,'CHE3006',6,2,2001032083,20,2019,192);
INSERT INTO class(class_id,class_no,course_id,major_id,year,lecturer_id,person_max,opened,room_id) VALUES (88881,10088,'CHE3012',6,3,2001032016,22,2021,93);
INSERT INTO class(class_id,class_no,course_id,major_id,year,lecturer_id,person_max,opened,room_id) VALUES (88882,10088,'CHE3012',6,3,2001032016,29,2020,94);
INSERT INTO class(class_id,class_no,course_id,major_id,year,lecturer_id,person_max,opened,room_id) VALUES (88883,10088,'CHE3012',6,3,2001032016,22,2019,96);
INSERT INTO class(class_id,class_no,course_id,major_id,year,lecturer_id,person_max,opened,room_id) VALUES (88891,10089,'CHE4053',6,4,2001032050,25,2021,40);
INSERT INTO class(class_id,class_no,course_id,major_id,year,lecturer_id,person_max,opened,room_id) VALUES (88892,10089,'CHE4053',6,4,2001032050,18,2020,40);
INSERT INTO class(class_id,class_no,course_id,major_id,year,lecturer_id,person_max,opened,room_id) VALUES (88893,10089,'CHE4053',6,4,2001032050,32,2019,40);
INSERT INTO class(class_id,class_no,course_id,major_id,year,lecturer_id,person_max,opened,room_id) VALUES (88901,10090,'CHE4054',6,4,2001032084,40,2021,197);
INSERT INTO class(class_id,class_no,course_id,major_id,year,lecturer_id,person_max,opened,room_id) VALUES (88902,10090,'CHE4054',6,4,2001032084,31,2020,197);
INSERT INTO class(class_id,class_no,course_id,major_id,year,lecturer_id,person_max,opened,room_id) VALUES (88903,10090,'CHE4054',6,4,2001032084,21,2019,197);
INSERT INTO class(class_id,class_no,course_id,major_id,year,lecturer_id,person_max,opened,room_id) VALUES (88911,10091,'CHM3066',6,3,2001032017,23,2021,84);
INSERT INTO class(class_id,class_no,course_id,major_id,year,lecturer_id,person_max,opened,room_id) VALUES (88912,10091,'CHM3066',6,3,2001032017,34,2020,84);
INSERT INTO class(class_id,class_no,course_id,major_id,year,lecturer_id,person_max,opened,room_id) VALUES (88913,10091,'CHM3066',6,3,2001032017,23,2019,84);
INSERT INTO class(class_id,class_no,course_id,major_id,year,lecturer_id,person_max,opened,room_id) VALUES (88921,10092,'CHM3078',6,3,2001032051,21,2021,115);
INSERT INTO class(class_id,class_no,course_id,major_id,year,lecturer_id,person_max,opened,room_id) VALUES (88922,10092,'CHM3078',6,3,2001032051,23,2020,115);
INSERT INTO class(class_id,class_no,course_id,major_id,year,lecturer_id,person_max,opened,room_id) VALUES (88923,10092,'CHM3078',6,3,2001032051,32,2019,115);
INSERT INTO class(class_id,class_no,course_id,major_id,year,lecturer_id,person_max,opened,room_id) VALUES (88931,10093,'CHM4001',6,2,2001032085,20,2021,70);
INSERT INTO class(class_id,class_no,course_id,major_id,year,lecturer_id,person_max,opened,room_id) VALUES (88932,10093,'CHM4001',6,2,2001032085,33,2020,70);
INSERT INTO class(class_id,class_no,course_id,major_id,year,lecturer_id,person_max,opened,room_id) VALUES (88933,10093,'CHM4001',6,2,2001032085,22,2019,70);
INSERT INTO class(class_id,class_no,course_id,major_id,year,lecturer_id,person_max,opened,room_id) VALUES (88941,10094,'CHM4013',6,3,2001032018,24,2021,90);
INSERT INTO class(class_id,class_no,course_id,major_id,year,lecturer_id,person_max,opened,room_id) VALUES (88942,10094,'CHM4013',6,3,2001032018,19,2020,90);
INSERT INTO class(class_id,class_no,course_id,major_id,year,lecturer_id,person_max,opened,room_id) VALUES (88943,10094,'CHM4013',6,3,2001032018,24,2019,90);
INSERT INTO class(class_id,class_no,course_id,major_id,year,lecturer_id,person_max,opened,room_id) VALUES (88951,10096,'CHM4083',6,4,2001032052,21,2021,8);
INSERT INTO class(class_id,class_no,course_id,major_id,year,lecturer_id,person_max,opened,room_id) VALUES (88952,10096,'CHM4083',6,4,2001032052,37,2020,12);
INSERT INTO class(class_id,class_no,course_id,major_id,year,lecturer_id,person_max,opened,room_id) VALUES (88953,10096,'CHM4083',6,4,2001032052,18,2019,8);
INSERT INTO class(class_id,class_no,course_id,major_id,year,lecturer_id,person_max,opened,room_id) VALUES (88971,10099,'CME4002',6,4,2001032019,25,2021,31);
INSERT INTO class(class_id,class_no,course_id,major_id,year,lecturer_id,person_max,opened,room_id) VALUES (88972,10099,'CME4002',6,4,2001032019,33,2020,31);
INSERT INTO class(class_id,class_no,course_id,major_id,year,lecturer_id,person_max,opened,room_id) VALUES (88973,10099,'CME4002',6,4,2001032019,25,2019,31);
INSERT INTO class(class_id,class_no,course_id,major_id,year,lecturer_id,person_max,opened,room_id) VALUES (88981,10100,'COE1011',6,3,2001032053,27,2021,133);
INSERT INTO class(class_id,class_no,course_id,major_id,year,lecturer_id,person_max,opened,room_id) VALUES (88982,10100,'COE1011',6,3,2001032053,38,2020,125);
INSERT INTO class(class_id,class_no,course_id,major_id,year,lecturer_id,person_max,opened,room_id) VALUES (88983,10100,'COE1011',6,3,2001032053,37,2019,99);
INSERT INTO class(class_id,class_no,course_id,major_id,year,lecturer_id,person_max,opened,room_id) VALUES (89001,10102,'GEN3052',6,1,2001032020,26,2021,164);
INSERT INTO class(class_id,class_no,course_id,major_id,year,lecturer_id,person_max,opened,room_id) VALUES (89002,10102,'GEN3052',6,1,2001032020,18,2020,164);
INSERT INTO class(class_id,class_no,course_id,major_id,year,lecturer_id,person_max,opened,room_id) VALUES (89003,10102,'GEN3052',6,1,2001032020,26,2019,164);
INSERT INTO class(class_id,class_no,course_id,major_id,year,lecturer_id,person_max,opened,room_id) VALUES (89011,10103,'GEN5026',6,3,2001032054,40,2021,186);
INSERT INTO class(class_id,class_no,course_id,major_id,year,lecturer_id,person_max,opened,room_id) VALUES (89012,10103,'GEN5026',6,3,2001032054,20,2020,136);
INSERT INTO class(class_id,class_no,course_id,major_id,year,lecturer_id,person_max,opened,room_id) VALUES (89013,10103,'GEN5026',6,3,2001032054,34,2019,136);
INSERT INTO class(class_id,class_no,course_id,major_id,year,lecturer_id,person_max,opened,room_id) VALUES (89031,10105,'MEE4001',6,3,2001032021,27,2021,10);
INSERT INTO class(class_id,class_no,course_id,major_id,year,lecturer_id,person_max,opened,room_id) VALUES (89032,10105,'MEE4001',6,3,2001032021,40,2020,10);
INSERT INTO class(class_id,class_no,course_id,major_id,year,lecturer_id,person_max,opened,room_id) VALUES (89033,10105,'MEE4001',6,3,2001032021,27,2019,10);
INSERT INTO class(class_id,class_no,course_id,major_id,year,lecturer_id,person_max,opened,room_id) VALUES (89041,10108,'BIO2022',7,3,2001032055,37,2021,138);
INSERT INTO class(class_id,class_no,course_id,major_id,year,lecturer_id,person_max,opened,room_id) VALUES (89042,10108,'BIO2022',7,3,2001032055,28,2020,138);
INSERT INTO class(class_id,class_no,course_id,major_id,year,lecturer_id,person_max,opened,room_id) VALUES (89043,10108,'BIO2022',7,3,2001032055,34,2019,138);
INSERT INTO class(class_id,class_no,course_id,major_id,year,lecturer_id,person_max,opened,room_id) VALUES (89061,10112,'BTN4005',7,4,2001032022,28,2021,167);
INSERT INTO class(class_id,class_no,course_id,major_id,year,lecturer_id,person_max,opened,room_id) VALUES (89062,10112,'BTN4005',7,4,2001032022,37,2020,167);
INSERT INTO class(class_id,class_no,course_id,major_id,year,lecturer_id,person_max,opened,room_id) VALUES (89063,10112,'BTN4005',7,4,2001032022,28,2019,167);
INSERT INTO class(class_id,class_no,course_id,major_id,year,lecturer_id,person_max,opened,room_id) VALUES (89071,10113,'BTN4009',7,4,2001032056,18,2021,157);
INSERT INTO class(class_id,class_no,course_id,major_id,year,lecturer_id,person_max,opened,room_id) VALUES (89072,10113,'BTN4009',7,4,2001032056,18,2020,157);
INSERT INTO class(class_id,class_no,course_id,major_id,year,lecturer_id,person_max,opened,room_id) VALUES (89073,10113,'BTN4009',7,4,2001032056,30,2019,157);
INSERT INTO class(class_id,class_no,course_id,major_id,year,lecturer_id,person_max,opened,room_id) VALUES (89091,10115,'BTN4012',7,4,2001032023,29,2021,103);
INSERT INTO class(class_id,class_no,course_id,major_id,year,lecturer_id,person_max,opened,room_id) VALUES (89092,10115,'BTN4012',7,4,2001032023,30,2020,103);
INSERT INTO class(class_id,class_no,course_id,major_id,year,lecturer_id,person_max,opened,room_id) VALUES (89093,10115,'BTN4012',7,4,2001032023,29,2019,103);
INSERT INTO class(class_id,class_no,course_id,major_id,year,lecturer_id,person_max,opened,room_id) VALUES (89101,10117,'COE1011',7,3,2001032057,40,2021,125);
INSERT INTO class(class_id,class_no,course_id,major_id,year,lecturer_id,person_max,opened,room_id) VALUES (89102,10117,'COE1011',7,3,2001032057,29,2020,99);
INSERT INTO class(class_id,class_no,course_id,major_id,year,lecturer_id,person_max,opened,room_id) VALUES (89103,10117,'COE1011',7,3,2001032057,34,2019,99);
INSERT INTO class(class_id,class_no,course_id,major_id,year,lecturer_id,person_max,opened,room_id) VALUES (89121,10119,'DBC3018',7,3,2001032024,30,2021,199);
INSERT INTO class(class_id,class_no,course_id,major_id,year,lecturer_id,person_max,opened,room_id) VALUES (89122,10119,'DBC3018',7,3,2001032024,38,2020,199);
INSERT INTO class(class_id,class_no,course_id,major_id,year,lecturer_id,person_max,opened,room_id) VALUES (89123,10119,'DBC3018',7,3,2001032024,30,2019,199);
INSERT INTO class(class_id,class_no,course_id,major_id,year,lecturer_id,person_max,opened,room_id) VALUES (89131,10120,'GEN5026',7,3,2001032058,22,2021,186);
INSERT INTO class(class_id,class_no,course_id,major_id,year,lecturer_id,person_max,opened,room_id) VALUES (89132,10120,'GEN5026',7,3,2001032058,21,2020,136);
INSERT INTO class(class_id,class_no,course_id,major_id,year,lecturer_id,person_max,opened,room_id) VALUES (89133,10120,'GEN5026',7,3,2001032058,38,2019,136);
INSERT INTO class(class_id,class_no,course_id,major_id,year,lecturer_id,person_max,opened,room_id) VALUES (89151,10124,'GEN6095',8,3,2001032025,29,2021,50);
INSERT INTO class(class_id,class_no,course_id,major_id,year,lecturer_id,person_max,opened,room_id) VALUES (89152,10124,'GEN6095',8,3,2001032025,30,2020,14);
INSERT INTO class(class_id,class_no,course_id,major_id,year,lecturer_id,person_max,opened,room_id) VALUES (89153,10124,'GEN6095',8,3,2001032025,31,2019,60);
INSERT INTO class(class_id,class_no,course_id,major_id,year,lecturer_id,person_max,opened,room_id) VALUES (89161,10125,'ICH4022',8,3,2001032059,37,2021,127);
INSERT INTO class(class_id,class_no,course_id,major_id,year,lecturer_id,person_max,opened,room_id) VALUES (89162,10125,'ICH4022',8,3,2001032059,35,2020,127);
INSERT INTO class(class_id,class_no,course_id,major_id,year,lecturer_id,person_max,opened,room_id) VALUES (89163,10125,'ICH4022',8,3,2001032059,37,2019,127);
INSERT INTO class(class_id,class_no,course_id,major_id,year,lecturer_id,person_max,opened,room_id) VALUES (89181,10131,'ONE4004',8,4,2001032026,32,2021,41);
INSERT INTO class(class_id,class_no,course_id,major_id,year,lecturer_id,person_max,opened,room_id) VALUES (89182,10131,'ONE4004',8,4,2001032026,34,2020,41);
INSERT INTO class(class_id,class_no,course_id,major_id,year,lecturer_id,person_max,opened,room_id) VALUES (89183,10131,'ONE4004',8,4,2001032026,32,2019,41);
INSERT INTO class(class_id,class_no,course_id,major_id,year,lecturer_id,person_max,opened,room_id) VALUES (89191,10132,'ONE4005',8,4,2001032060,27,2021,60);
INSERT INTO class(class_id,class_no,course_id,major_id,year,lecturer_id,person_max,opened,room_id) VALUES (89192,10132,'ONE4005',8,4,2001032060,38,2020,60);
INSERT INTO class(class_id,class_no,course_id,major_id,year,lecturer_id,person_max,opened,room_id) VALUES (89193,10132,'ONE4005',8,4,2001032060,32,2019,60);
INSERT INTO class(class_id,class_no,course_id,major_id,year,lecturer_id,person_max,opened,room_id) VALUES (89211,10135,'ONE4011',8,4,2001032027,33,2021,122);
INSERT INTO class(class_id,class_no,course_id,major_id,year,lecturer_id,person_max,opened,room_id) VALUES (89212,10135,'ONE4011',8,4,2001032027,25,2020,122);
INSERT INTO class(class_id,class_no,course_id,major_id,year,lecturer_id,person_max,opened,room_id) VALUES (89213,10135,'ONE4011',8,4,2001032027,33,2019,122);
INSERT INTO class(class_id,class_no,course_id,major_id,year,lecturer_id,person_max,opened,room_id) VALUES (89221,10140,'TXE4065',8,4,2001032061,37,2021,17);
INSERT INTO class(class_id,class_no,course_id,major_id,year,lecturer_id,person_max,opened,room_id) VALUES (89222,10140,'TXE4065',8,4,2001032061,33,2020,17);
INSERT INTO class(class_id,class_no,course_id,major_id,year,lecturer_id,person_max,opened,room_id) VALUES (89223,10140,'TXE4065',8,4,2001032061,32,2019,17);
INSERT INTO class(class_id,class_no,course_id,major_id,year,lecturer_id,person_max,opened,room_id) VALUES (89241,10142,'CHM4013',9,3,2001032028,34,2021,90);
INSERT INTO class(class_id,class_no,course_id,major_id,year,lecturer_id,person_max,opened,room_id) VALUES (89242,10142,'CHM4013',9,3,2001032028,18,2020,90);
INSERT INTO class(class_id,class_no,course_id,major_id,year,lecturer_id,person_max,opened,room_id) VALUES (89243,10142,'CHM4013',9,3,2001032028,34,2019,90);
INSERT INTO class(class_id,class_no,course_id,major_id,year,lecturer_id,person_max,opened,room_id) VALUES (89251,10144,'EGY3001',9,3,2001032062,39,2021,179);
INSERT INTO class(class_id,class_no,course_id,major_id,year,lecturer_id,person_max,opened,room_id) VALUES (89252,10144,'EGY3001',9,3,2001032062,21,2020,179);
INSERT INTO class(class_id,class_no,course_id,major_id,year,lecturer_id,person_max,opened,room_id) VALUES (89253,10144,'EGY3001',9,3,2001032062,18,2019,179);
INSERT INTO class(class_id,class_no,course_id,major_id,year,lecturer_id,person_max,opened,room_id) VALUES (89271,10147,'EGY4013',9,4,2001032029,35,2021,170);
INSERT INTO class(class_id,class_no,course_id,major_id,year,lecturer_id,person_max,opened,room_id) VALUES (89272,10147,'EGY4013',9,4,2001032029,29,2020,170);
INSERT INTO class(class_id,class_no,course_id,major_id,year,lecturer_id,person_max,opened,room_id) VALUES (89273,10147,'EGY4013',9,4,2001032029,35,2019,170);
INSERT INTO class(class_id,class_no,course_id,major_id,year,lecturer_id,person_max,opened,room_id) VALUES (89281,10148,'EGY4016',9,4,2001032063,36,2021,128);
INSERT INTO class(class_id,class_no,course_id,major_id,year,lecturer_id,person_max,opened,room_id) VALUES (89282,10148,'EGY4016',9,4,2001032063,26,2020,128);
INSERT INTO class(class_id,class_no,course_id,major_id,year,lecturer_id,person_max,opened,room_id) VALUES (89283,10148,'EGY4016',9,4,2001032063,37,2019,128);
INSERT INTO class(class_id,class_no,course_id,major_id,year,lecturer_id,person_max,opened,room_id) VALUES (89301,10150,'EGY4019',9,1,2001032030,36,2021,134);
INSERT INTO class(class_id,class_no,course_id,major_id,year,lecturer_id,person_max,opened,room_id) VALUES (89302,10150,'EGY4019',9,1,2001032030,36,2020,134);
INSERT INTO class(class_id,class_no,course_id,major_id,year,lecturer_id,person_max,opened,room_id) VALUES (89303,10150,'EGY4019',9,1,2001032030,36,2019,134);
INSERT INTO class(class_id,class_no,course_id,major_id,year,lecturer_id,person_max,opened,room_id) VALUES (89311,10151,'GEN5026',9,3,2001032064,37,2021,186);
INSERT INTO class(class_id,class_no,course_id,major_id,year,lecturer_id,person_max,opened,room_id) VALUES (89312,10151,'GEN5026',9,3,2001032064,29,2020,136);
INSERT INTO class(class_id,class_no,course_id,major_id,year,lecturer_id,person_max,opened,room_id) VALUES (89313,10151,'GEN5026',9,3,2001032064,34,2019,136);

#takes
INSERT INTO takes(takes_id,student_id,course_id,year,grade) VALUES (1,2018003125,'GEN5026',2022,3.0);
INSERT INTO takes(takes_id,student_id,course_id,year,grade) VALUES (2,2018003125,'ARE4014',2022,2.5);
INSERT INTO takes(takes_id,student_id,course_id,year,grade) VALUES (3,2018003125,'ARE4026',2022,2.0);
INSERT INTO takes(takes_id,student_id,course_id,year,grade) VALUES (4,2018003125,'ARE5032',2022,4.0);
INSERT INTO takes(takes_id,student_id,course_id,year,grade) VALUES (5,2018003125,'GEN6095',2022,4.0);
INSERT INTO takes(takes_id,student_id,course_id,year,grade) VALUES (6,2018003125,'MEE4001',2022,1.0);
INSERT INTO takes(takes_id,student_id,course_id,year,grade) VALUES (7,2018003125,'ECL3007',2019,2.0);
INSERT INTO takes(takes_id,student_id,course_id,year,grade) VALUES (8,2018003125,'ARE3069',2019,2.0);
INSERT INTO takes(takes_id,student_id,course_id,year,grade) VALUES (9,2018003125,'CHE3006',2021,0.0);
INSERT INTO takes(takes_id,student_id,course_id,year,grade) VALUES (10,2018003125,'ONE4005',2021,3.0);
INSERT INTO takes(takes_id,student_id,course_id,year,grade) VALUES (11,2018003125,'CHM4013',2020,3.0);
INSERT INTO takes(takes_id,student_id,course_id,year,grade) VALUES (12,2018004052,'ELE4025',2022,1.0);
INSERT INTO takes(takes_id,student_id,course_id,year,grade) VALUES (13,2018004052,'GEN5026',2022,0.0);
INSERT INTO takes(takes_id,student_id,course_id,year,grade) VALUES (14,2018004052,'ARE4014',2022,4.5);
INSERT INTO takes(takes_id,student_id,course_id,year,grade) VALUES (15,2018004052,'ARE4026',2022,3.5);
INSERT INTO takes(takes_id,student_id,course_id,year,grade) VALUES (16,2018004052,'ARE5032',2022,3.0);
INSERT INTO takes(takes_id,student_id,course_id,year,grade) VALUES (17,2018004052,'GEN6095',2022,2.5);
INSERT INTO takes(takes_id,student_id,course_id,year,grade) VALUES (18,2018004052,'ONE4004',2022,2.0);
INSERT INTO takes(takes_id,student_id,course_id,year,grade) VALUES (19,2018004052,'CIE4011',2021,2.0);
INSERT INTO takes(takes_id,student_id,course_id,year,grade) VALUES (20,2018004052,'CIE4065',2019,0.0);
INSERT INTO takes(takes_id,student_id,course_id,year,grade) VALUES (21,2018004052,'EEC3005',2021,0.0);
INSERT INTO takes(takes_id,student_id,course_id,year,grade) VALUES (22,2018004052,'CSE4006',2020,0.0);
INSERT INTO takes(takes_id,student_id,course_id,year,grade) VALUES (23,2018004052,'ENE4019',2021,1.0);
INSERT INTO takes(takes_id,student_id,course_id,year,grade) VALUES (24,2018004052,'ONE4004',2019,1.0);
INSERT INTO takes(takes_id,student_id,course_id,year,grade) VALUES (25,2019499349,'ITE3068',2022,2.5);
INSERT INTO takes(takes_id,student_id,course_id,year,grade) VALUES (26,2019499349,'CSE4006',2022,2.0);
INSERT INTO takes(takes_id,student_id,course_id,year,grade) VALUES (27,2019499349,'ENE4019',2022,4.0);
INSERT INTO takes(takes_id,student_id,course_id,year,grade) VALUES (28,2019499349,'GEN6006',2022,4.0);
INSERT INTO takes(takes_id,student_id,course_id,year,grade) VALUES (29,2019499349,'ITE3060',2022,0.0);
INSERT INTO takes(takes_id,student_id,course_id,year,grade) VALUES (30,2019499349,'ECL3007',2022,4.5);
INSERT INTO takes(takes_id,student_id,course_id,year,grade) VALUES (31,2019499349,'ICH4022',2022,3.0);
INSERT INTO takes(takes_id,student_id,course_id,year,grade) VALUES (32,2019499349,'CIE4058',2020,1.0);
INSERT INTO takes(takes_id,student_id,course_id,year,grade) VALUES (33,2019499349,'MME3026',2019,3.0);
INSERT INTO takes(takes_id,student_id,course_id,year,grade) VALUES (34,2019499349,'EGY3001',2019,2.0);
INSERT INTO takes(takes_id,student_id,course_id,year,grade) VALUES (35,2020004533,'GEN5026',2022,2.0);
INSERT INTO takes(takes_id,student_id,course_id,year,grade) VALUES (36,2020004533,'ARE4014',2022,4.0);
INSERT INTO takes(takes_id,student_id,course_id,year,grade) VALUES (37,2020004533,'ARE4026',2022,4.0);
INSERT INTO takes(takes_id,student_id,course_id,year,grade) VALUES (38,2020004533,'ARE5032',2022,0.0);
INSERT INTO takes(takes_id,student_id,course_id,year,grade) VALUES (39,2020004533,'CIE3070',2022,1.0);
INSERT INTO takes(takes_id,student_id,course_id,year,grade) VALUES (40,2020004533,'GEN6095',2022,4.5);
INSERT INTO takes(takes_id,student_id,course_id,year,grade) VALUES (41,2020004533,'CHM4001',2022,0.0);
INSERT INTO takes(takes_id,student_id,course_id,year,grade) VALUES (42,2020004533,'CIE3032',2019,0.0);
INSERT INTO takes(takes_id,student_id,course_id,year,grade) VALUES (43,2020004533,'COE3053',2019,4.0);
INSERT INTO takes(takes_id,student_id,course_id,year,grade) VALUES (44,2020004533,'CSE4006',2021,4.0);
INSERT INTO takes(takes_id,student_id,course_id,year,grade) VALUES (45,2020004533,'CSE4006',2019,1.0);
INSERT INTO takes(takes_id,student_id,course_id,year,grade) VALUES (46,2020004533,'ITE3016',2021,1.0);
INSERT INTO takes(takes_id,student_id,course_id,year,grade) VALUES (47,2020004533,'ECL3005',2021,3.0);
INSERT INTO takes(takes_id,student_id,course_id,year,grade) VALUES (48,2020004533,'ARE4026',2019,3.0);
INSERT INTO takes(takes_id,student_id,course_id,year,grade) VALUES (49,2020004533,'EGY4019',2019,4.0);
INSERT INTO takes(takes_id,student_id,course_id,year,grade) VALUES (50,2020004533,'GEN5026',2020,1.0);
INSERT INTO takes(takes_id,student_id,course_id,year,grade) VALUES (51,2020040404,'CIE4058',2022,4.0);
INSERT INTO takes(takes_id,student_id,course_id,year,grade) VALUES (52,2020040404,'ITE3068',2022,0.0);
INSERT INTO takes(takes_id,student_id,course_id,year,grade) VALUES (53,2020040404,'ITE3070',2022,4.0);
INSERT INTO takes(takes_id,student_id,course_id,year,grade) VALUES (54,2020040404,'CSE4006',2022,4.5);
INSERT INTO takes(takes_id,student_id,course_id,year,grade) VALUES (55,2020040404,'ENE4019',2022,3.5);
INSERT INTO takes(takes_id,student_id,course_id,year,grade) VALUES (56,2020040404,'GEN6006',2022,3.0);
INSERT INTO takes(takes_id,student_id,course_id,year,grade) VALUES (57,2020040404,'ITE3060',2022,2.5);
INSERT INTO takes(takes_id,student_id,course_id,year,grade) VALUES (58,2020040404,'ECL3007',2022,2.0);
INSERT INTO takes(takes_id,student_id,course_id,year,grade) VALUES (59,2020040404,'ECL4010',2022,3.0);
INSERT INTO takes(takes_id,student_id,course_id,year,grade) VALUES (60,2020040404,'ARE4030',2022,2.0);
INSERT INTO takes(takes_id,student_id,course_id,year,grade) VALUES (61,2020040404,'CIE4011',2021,1.0);
INSERT INTO takes(takes_id,student_id,course_id,year,grade) VALUES (62,2020040404,'CIE4011',2019,4.0);
INSERT INTO takes(takes_id,student_id,course_id,year,grade) VALUES (63,2020040404,'COE3053',2019,2.0);
INSERT INTO takes(takes_id,student_id,course_id,year,grade) VALUES (64,2020040404,'EEC3005',2021,0.0);
INSERT INTO takes(takes_id,student_id,course_id,year,grade) VALUES (65,2020040404,'CIE3070',2021,4.0);
INSERT INTO takes(takes_id,student_id,course_id,year,grade) VALUES (66,2020040404,'DBC3018',2020,0.0);
INSERT INTO takes(takes_id,student_id,course_id,year,grade) VALUES (67,2020040404,'EGY3001',2020,2.0);
INSERT INTO takes(takes_id,student_id,course_id,year,grade) VALUES (68,2020040404,'EGY3001',2019,4.0);
INSERT INTO takes(takes_id,student_id,course_id,year,grade) VALUES (69,2020004003,'CIE3032',2022,4.5);
INSERT INTO takes(takes_id,student_id,course_id,year,grade) VALUES (70,2020004003,'CIE4047',2022,3.5);
INSERT INTO takes(takes_id,student_id,course_id,year,grade) VALUES (71,2020004003,'CIE4068',2022,3.0);
INSERT INTO takes(takes_id,student_id,course_id,year,grade) VALUES (72,2020004003,'ARE4022',2022,0.0);
INSERT INTO takes(takes_id,student_id,course_id,year,grade) VALUES (73,2020004003,'CHM4013',2022,4.0);
INSERT INTO takes(takes_id,student_id,course_id,year,grade) VALUES (74,2020004003,'EGY4013',2022,4.0);
INSERT INTO takes(takes_id,student_id,course_id,year,grade) VALUES (75,2020004003,'EGY4019',2022,0.0);
INSERT INTO takes(takes_id,student_id,course_id,year,grade) VALUES (76,2020004003,'CIE3032',2020,0.0);
INSERT INTO takes(takes_id,student_id,course_id,year,grade) VALUES (77,2020004003,'CIE4065',2020,4.0);
INSERT INTO takes(takes_id,student_id,course_id,year,grade) VALUES (78,2020004003,'COE3053',2020,2.0);
INSERT INTO takes(takes_id,student_id,course_id,year,grade) VALUES (79,2020004003,'GEN6006',2020,3.0);
INSERT INTO takes(takes_id,student_id,course_id,year,grade) VALUES (80,2020004003,'ECL3005',2020,4.0);
INSERT INTO takes(takes_id,student_id,course_id,year,grade) VALUES (81,2020004003,'ARE4014',2021,2.0);
INSERT INTO takes(takes_id,student_id,course_id,year,grade) VALUES (82,2020004003,'CIE2007',2021,4.0);
INSERT INTO takes(takes_id,student_id,course_id,year,grade) VALUES (83,2020004003,'CHM3078',2019,2.0);
INSERT INTO takes(takes_id,student_id,course_id,year,grade) VALUES (84,2020004003,'EGY4016',2020,4.0);
INSERT INTO takes(takes_id,student_id,course_id,year,grade) VALUES (85,2020004203,'CSE4006',2022,4.5);
INSERT INTO takes(takes_id,student_id,course_id,year,grade) VALUES (86,2020004203,'ITE3070',2022,4.0);
INSERT INTO takes(takes_id,student_id,course_id,year,grade) VALUES (87,2020004203,'ELE3020',2022,3.5);
INSERT INTO takes(takes_id,student_id,course_id,year,grade) VALUES (88,2020004203,'ENE4019',2022,3.0);
INSERT INTO takes(takes_id,student_id,course_id,year,grade) VALUES (89,2020004203,'ITE3016',2022,4.5);
INSERT INTO takes(takes_id,student_id,course_id,year,grade) VALUES (90,2020004203,'MAT3008',2022,4.0);
INSERT INTO takes(takes_id,student_id,course_id,year,grade) VALUES (91,2021030303,'CSE4006',2022,2.5);
INSERT INTO takes(takes_id,student_id,course_id,year,grade) VALUES (92,2021030303,'ELE4029',2022,2.0);
INSERT INTO takes(takes_id,student_id,course_id,year,grade) VALUES (93,2021030303,'GEN6006',2022,4.0);
INSERT INTO takes(takes_id,student_id,course_id,year,grade) VALUES (94,2021030303,'ITE3016',2022,4.0);
INSERT INTO takes(takes_id,student_id,course_id,year,grade) VALUES (95,2021030303,'ECL3005',2022,0.0);
INSERT INTO takes(takes_id,student_id,course_id,year,grade) VALUES (96,2021030303,'ECL4010',2022,4.5);
INSERT INTO takes(takes_id,student_id,course_id,year,grade) VALUES (97,2021030303,'ELE4025',2022,2.0);
INSERT INTO takes(takes_id,student_id,course_id,year,grade) VALUES (98,2021030303,'ARE4014',2022,0.0);
INSERT INTO takes(takes_id,student_id,course_id,year,grade) VALUES (99,2021030303,'EEC3005',2019,3.0);
INSERT INTO takes(takes_id,student_id,course_id,year,grade) VALUES (100,2021030303,'GEN6095',2019,1.0);
INSERT INTO takes(takes_id,student_id,course_id,year,grade) VALUES (101,2021030303,'ELE4029',2019,1.0);
INSERT INTO takes(takes_id,student_id,course_id,year,grade) VALUES (102,2021030303,'ENE4019',2020,0.0);
INSERT INTO takes(takes_id,student_id,course_id,year,grade) VALUES (103,2021030303,'ECL4018',2020,2.0);
INSERT INTO takes(takes_id,student_id,course_id,year,grade) VALUES (104,2021030303,'ARE4022',2020,0.0);
INSERT INTO takes(takes_id,student_id,course_id,year,grade) VALUES (105,2021030303,'COE1011',2021,0.0);
INSERT INTO takes(takes_id,student_id,course_id,year,grade) VALUES (106,2021030303,'COE1011',2019,0.0);
INSERT INTO takes(takes_id,student_id,course_id,year,grade) VALUES (107,2020394929,'CIE4011',2022,0.0);
INSERT INTO takes(takes_id,student_id,course_id,year,grade) VALUES (108,2020394929,'ITE3068',2022,3.5);
INSERT INTO takes(takes_id,student_id,course_id,year,grade) VALUES (109,2020394929,'CSE4006',2022,3.0);
INSERT INTO takes(takes_id,student_id,course_id,year,grade) VALUES (110,2020394929,'ENE4019',2022,2.5);
INSERT INTO takes(takes_id,student_id,course_id,year,grade) VALUES (111,2020394929,'GEN6006',2022,2.0);
INSERT INTO takes(takes_id,student_id,course_id,year,grade) VALUES (112,2020394929,'ITE3060',2022,4.0);
INSERT INTO takes(takes_id,student_id,course_id,year,grade) VALUES (113,2020394929,'ECL3007',2022,4.0);
INSERT INTO takes(takes_id,student_id,course_id,year,grade) VALUES (114,2020394929,'ECL4014',2022,0.0);
INSERT INTO takes(takes_id,student_id,course_id,year,grade) VALUES (115,2020394929,'CSE4006',2020,4.0);
INSERT INTO takes(takes_id,student_id,course_id,year,grade) VALUES (116,2020394929,'ELE3020',2019,1.0);
INSERT INTO takes(takes_id,student_id,course_id,year,grade) VALUES (117,2020394929,'GEN6006',2021,0.0);
INSERT INTO takes(takes_id,student_id,course_id,year,grade) VALUES (118,2020394929,'ECL4014',2019,0.0);
INSERT INTO takes(takes_id,student_id,course_id,year,grade) VALUES (119,2020394929,'ARE4026',2020,3.0);
INSERT INTO takes(takes_id,student_id,course_id,year,grade) VALUES (120,2020394929,'ARE4030',2020,0.0);
INSERT INTO takes(takes_id,student_id,course_id,year,grade) VALUES (121,2020394929,'CIE2007',2019,3.0);
INSERT INTO takes(takes_id,student_id,course_id,year,grade) VALUES (122,2020394929,'CHM4001',2021,2.0);
INSERT INTO takes(takes_id,student_id,course_id,year,grade) VALUES (123,2020394929,'ONE4004',2019,4.0);
INSERT INTO takes(takes_id,student_id,course_id,year,grade) VALUES (124,2021001445,'GEN5026',2022,4.0);
INSERT INTO takes(takes_id,student_id,course_id,year,grade) VALUES (125,2021001445,'ARE4014',2022,4.0);
INSERT INTO takes(takes_id,student_id,course_id,year,grade) VALUES (126,2021001445,'ARE4026',2022,0.0);
INSERT INTO takes(takes_id,student_id,course_id,year,grade) VALUES (127,2021001445,'ARE5032',2022,4.5);
INSERT INTO takes(takes_id,student_id,course_id,year,grade) VALUES (128,2021001445,'GEN6095',2022,3.5);
INSERT INTO takes(takes_id,student_id,course_id,year,grade) VALUES (129,2021001445,'ONE4004',2022,3.0);
INSERT INTO takes(takes_id,student_id,course_id,year,grade) VALUES (130,2021001445,'ITE3016',2020,2.0);
INSERT INTO takes(takes_id,student_id,course_id,year,grade) VALUES (131,2021001445,'ITE3060',2021,1.0);
INSERT INTO takes(takes_id,student_id,course_id,year,grade) VALUES (132,2021001445,'ELE4025',2019,1.0);
INSERT INTO takes(takes_id,student_id,course_id,year,grade) VALUES (133,2021001445,'ARE4026',2020,2.0);
INSERT INTO takes(takes_id,student_id,course_id,year,grade) VALUES (134,2021001445,'ARE5013',2019,1.0);
INSERT INTO takes(takes_id,student_id,course_id,year,grade) VALUES (135,2021001445,'EGY4019',2020,4.0);
INSERT INTO takes(takes_id,student_id,course_id,year,grade) VALUES (136,2021004004,'CSE4006',2022,4.0);
INSERT INTO takes(takes_id,student_id,course_id,year,grade) VALUES (137,2021004004,'ELE4029',2022,4.0);
INSERT INTO takes(takes_id,student_id,course_id,year,grade) VALUES (138,2021004004,'GEN6006',2022,0.0);
INSERT INTO takes(takes_id,student_id,course_id,year,grade) VALUES (139,2021004004,'ITE3016',2022,4.5);
INSERT INTO takes(takes_id,student_id,course_id,year,grade) VALUES (140,2021004004,'ECL3005',2022,3.5);
INSERT INTO takes(takes_id,student_id,course_id,year,grade) VALUES (141,2021004004,'ECL4010',2022,3.0);
INSERT INTO takes(takes_id,student_id,course_id,year,grade) VALUES (142,2021004004,'COE1011',2022,4.0);
INSERT INTO takes(takes_id,student_id,course_id,year,grade) VALUES (143,2021004004,'ONE4011',2022,0.0);
INSERT INTO takes(takes_id,student_id,course_id,year,grade) VALUES (144,2021004004,'ARE5032',2021,3.0);
INSERT INTO takes(takes_id,student_id,course_id,year,grade) VALUES (145,2021004004,'GEN5026',2021,0.0);
INSERT INTO takes(takes_id,student_id,course_id,year,grade) VALUES (146,2021004004,'BIO2022',2020,4.0);
INSERT INTO takes(takes_id,student_id,course_id,year,grade) VALUES (147,2021004004,'CHM4013',2019,3.0);
INSERT INTO takes(takes_id,student_id,course_id,year,grade) VALUES (148,2021004004,'EGY4013',2020,4.0);
INSERT INTO takes(takes_id,student_id,course_id,year,grade) VALUES (149,2021004004,'EGY4016',2019,4.0);
INSERT INTO takes(takes_id,student_id,course_id,year,grade) VALUES (150,2021004394,'CIE3032',2022,2.0);
INSERT INTO takes(takes_id,student_id,course_id,year,grade) VALUES (151,2021004394,'CIE4047',2022,4.0);
INSERT INTO takes(takes_id,student_id,course_id,year,grade) VALUES (152,2021004394,'CIE4068',2022,4.0);
INSERT INTO takes(takes_id,student_id,course_id,year,grade) VALUES (153,2021004394,'ENE4019',2022,0.0);
INSERT INTO takes(takes_id,student_id,course_id,year,grade) VALUES (154,2021004394,'ARE5013',2022,1.0);
INSERT INTO takes(takes_id,student_id,course_id,year,grade) VALUES (155,2021004394,'CHM4083',2022,4.0);
INSERT INTO takes(takes_id,student_id,course_id,year,grade) VALUES (156,2021004394,'GEN5026',2022,2.0);
INSERT INTO takes(takes_id,student_id,course_id,year,grade) VALUES (157,2021004394,'CHM4013',2022,3.5);
INSERT INTO takes(takes_id,student_id,course_id,year,grade) VALUES (158,2021004394,'EGY4013',2022,3.0);
INSERT INTO takes(takes_id,student_id,course_id,year,grade) VALUES (159,2021004394,'EGY4019',2022,2.5);
INSERT INTO takes(takes_id,student_id,course_id,year,grade) VALUES (160,2021004394,'CSE4006',2021,1.0);
INSERT INTO takes(takes_id,student_id,course_id,year,grade) VALUES (161,2021004394,'GEN6095',2020,1.0);
INSERT INTO takes(takes_id,student_id,course_id,year,grade) VALUES (162,2021004394,'ECL4013',2021,1.0);
INSERT INTO takes(takes_id,student_id,course_id,year,grade) VALUES (163,2021004394,'GEN5026',2020,0.0);
INSERT INTO takes(takes_id,student_id,course_id,year,grade) VALUES (164,2021004394,'ARE4026',2021,3.0);
INSERT INTO takes(takes_id,student_id,course_id,year,grade) VALUES (165,2021004394,'CIE3070',2019,0.0);
INSERT INTO takes(takes_id,student_id,course_id,year,grade) VALUES (166,2021004394,'CHM4083',2021,3.0);
INSERT INTO takes(takes_id,student_id,course_id,year,grade) VALUES (167,2021004394,'GEN3052',2020,4.0);
INSERT INTO takes(takes_id,student_id,course_id,year,grade) VALUES (168,2021030128,'CIE3032',2022,3.0);
INSERT INTO takes(takes_id,student_id,course_id,year,grade) VALUES (169,2021030128,'CIE4047',2022,2.5);
INSERT INTO takes(takes_id,student_id,course_id,year,grade) VALUES (170,2021030128,'CIE4065',2022,4.0);
INSERT INTO takes(takes_id,student_id,course_id,year,grade) VALUES (171,2021030128,'CIE4068',2022,2.0);
INSERT INTO takes(takes_id,student_id,course_id,year,grade) VALUES (172,2021030128,'ECL4011',2022,2.0);
INSERT INTO takes(takes_id,student_id,course_id,year,grade) VALUES (173,2021030128,'BTN4005',2022,3.0);
INSERT INTO takes(takes_id,student_id,course_id,year,grade) VALUES (174,2021030128,'CHM4013',2022,0.0);
INSERT INTO takes(takes_id,student_id,course_id,year,grade) VALUES (175,2021030128,'EGY4013',2022,4.5);
INSERT INTO takes(takes_id,student_id,course_id,year,grade) VALUES (176,2021030128,'EGY4019',2022,3.5);
INSERT INTO takes(takes_id,student_id,course_id,year,grade) VALUES (177,2021030128,'CIE4058',2020,3.0);
INSERT INTO takes(takes_id,student_id,course_id,year,grade) VALUES (178,2021030128,'MAT3008',2020,3.0);
INSERT INTO takes(takes_id,student_id,course_id,year,grade) VALUES (179,2021030128,'ECL4015',2020,2.0);
INSERT INTO takes(takes_id,student_id,course_id,year,grade) VALUES (180,2021030128,'ECL4018',2020,2.0);
INSERT INTO takes(takes_id,student_id,course_id,year,grade) VALUES (181,2021030128,'ARE3009',2020,3.0);
INSERT INTO takes(takes_id,student_id,course_id,year,grade) VALUES (182,2021030128,'CHE3012',2020,1.0);
INSERT INTO takes(takes_id,student_id,course_id,year,grade) VALUES (183,2021030128,'EGY3001',2020,1.0);
INSERT INTO takes(takes_id,student_id,course_id,year,grade) VALUES (184,2021040051,'CSE4006',2022,4.0);
INSERT INTO takes(takes_id,student_id,course_id,year,grade) VALUES (185,2021040051,'CIE2007',2022,3.0);
INSERT INTO takes(takes_id,student_id,course_id,year,grade) VALUES (186,2021040051,'MAT3008',2022,0.0);
INSERT INTO takes(takes_id,student_id,course_id,year,grade) VALUES (187,2021040051,'CHE3012',2022,4.5);
INSERT INTO takes(takes_id,student_id,course_id,year,grade) VALUES (188,2021040051,'CHM3066',2022,3.5);
INSERT INTO takes(takes_id,student_id,course_id,year,grade) VALUES (189,2021040051,'CHM4013',2022,3.0);
INSERT INTO takes(takes_id,student_id,course_id,year,grade) VALUES (190,2021040051,'CME4002',2022,2.5);
INSERT INTO takes(takes_id,student_id,course_id,year,grade) VALUES (191,2021040051,'GEN3052',2022,2.0);
INSERT INTO takes(takes_id,student_id,course_id,year,grade) VALUES (192,2021040051,'MEE4001',2022,4.0);
INSERT INTO takes(takes_id,student_id,course_id,year,grade) VALUES (193,2021040051,'CIE3033',2021,3.0);
INSERT INTO takes(takes_id,student_id,course_id,year,grade) VALUES (194,2021040051,'CSE4006',2021,1.0);
INSERT INTO takes(takes_id,student_id,course_id,year,grade) VALUES (195,2021040051,'GEN3052',2021,2.0);
INSERT INTO takes(takes_id,student_id,course_id,year,grade) VALUES (196,2021040051,'ONE4004',2020,0.0);
INSERT INTO takes(takes_id,student_id,course_id,year,grade) VALUES (197,2021040051,'EGY4013',2019,0.0);
INSERT INTO takes(takes_id,student_id,course_id,year,grade) VALUES (198,2022001303,'GEN6095',2022,4.0);
INSERT INTO takes(takes_id,student_id,course_id,year,grade) VALUES (199,2022001303,'BTN4012',2022,3.0);
INSERT INTO takes(takes_id,student_id,course_id,year,grade) VALUES (200,2022001303,'DBC3018',2022,3.5);
INSERT INTO takes(takes_id,student_id,course_id,year,grade) VALUES (201,2022001303,'GEN6095',2022,2.5);
INSERT INTO takes(takes_id,student_id,course_id,year,grade) VALUES (202,2022001303,'ONE4004',2022,0.0);
INSERT INTO takes(takes_id,student_id,course_id,year,grade) VALUES (203,2022001303,'ONE4011',2022,2.0);
INSERT INTO takes(takes_id,student_id,course_id,year,grade) VALUES (204,2022001303,'CIE3022',2019,4.0);
INSERT INTO takes(takes_id,student_id,course_id,year,grade) VALUES (205,2022001303,'MME3026',2019,2.0);
INSERT INTO takes(takes_id,student_id,course_id,year,grade) VALUES (206,2022001303,'ITE3068',2021,4.0);
INSERT INTO takes(takes_id,student_id,course_id,year,grade) VALUES (207,2022001303,'ITE3070',2021,1.0);
INSERT INTO takes(takes_id,student_id,course_id,year,grade) VALUES (208,2022001303,'CSE4006',2019,1.0);
INSERT INTO takes(takes_id,student_id,course_id,year,grade) VALUES (209,2022001303,'ELE4029',2021,1.0);
INSERT INTO takes(takes_id,student_id,course_id,year,grade) VALUES (210,2022001303,'ECL4010',2021,0.0);
INSERT INTO takes(takes_id,student_id,course_id,year,grade) VALUES (211,2022001303,'ECL4018',2020,2.0);
INSERT INTO takes(takes_id,student_id,course_id,year,grade) VALUES (212,2022001303,'ELE3004',2021,4.0);
INSERT INTO takes(takes_id,student_id,course_id,year,grade) VALUES (213,2022001303,'ARE3009',2019,4.0);
INSERT INTO takes(takes_id,student_id,course_id,year,grade) VALUES (214,2022001303,'CHE4054',2021,0.0);
INSERT INTO takes(takes_id,student_id,course_id,year,grade) VALUES (215,2022002331,'ECL4015',2022,1.0);
INSERT INTO takes(takes_id,student_id,course_id,year,grade) VALUES (216,2022002331,'CHE3012',2022,4.0);
INSERT INTO takes(takes_id,student_id,course_id,year,grade) VALUES (217,2022002331,'CHM3066',2022,3.0);
INSERT INTO takes(takes_id,student_id,course_id,year,grade) VALUES (218,2022002331,'CHM4013',2022,4.0);
INSERT INTO takes(takes_id,student_id,course_id,year,grade) VALUES (219,2022002331,'CME4002',2022,4.5);
INSERT INTO takes(takes_id,student_id,course_id,year,grade) VALUES (220,2022002331,'GEN3052',2022,4.5);
INSERT INTO takes(takes_id,student_id,course_id,year,grade) VALUES (221,2022002331,'MEE4001',2022,4.5);
INSERT INTO takes(takes_id,student_id,course_id,year,grade) VALUES (222,2022002331,'CIE4047',2020,2.0);
INSERT INTO takes(takes_id,student_id,course_id,year,grade) VALUES (223,2022002331,'CSE4006',2021,3.0);
INSERT INTO takes(takes_id,student_id,course_id,year,grade) VALUES (224,2022002331,'ECL4015',2020,1.0);
INSERT INTO takes(takes_id,student_id,course_id,year,grade) VALUES (225,2022002331,'ELE3004',2020,0.0);
INSERT INTO takes(takes_id,student_id,course_id,year,grade) VALUES (226,2022002331,'ARE4020',2020,4.0);
INSERT INTO takes(takes_id,student_id,course_id,year,grade) VALUES (227,2022002331,'CHE4053',2019,1.0);
INSERT INTO takes(takes_id,student_id,course_id,year,grade) VALUES (228,2022005004,'CIE3032',2022,4.0);
INSERT INTO takes(takes_id,student_id,course_id,year,grade) VALUES (229,2022005004,'CIE4047',2022,0.0);
INSERT INTO takes(takes_id,student_id,course_id,year,grade) VALUES (230,2022005004,'CIE4068',2022,4.5);
INSERT INTO takes(takes_id,student_id,course_id,year,grade) VALUES (231,2022005004,'ECL4009',2022,2.0);
INSERT INTO takes(takes_id,student_id,course_id,year,grade) VALUES (232,2022005004,'ARE3069',2022,0.0);
INSERT INTO takes(takes_id,student_id,course_id,year,grade) VALUES (233,2022005004,'ARE5032',2022,3.0);
INSERT INTO takes(takes_id,student_id,course_id,year,grade) VALUES (234,2022005004,'CHE4053',2022,2.0);
INSERT INTO takes(takes_id,student_id,course_id,year,grade) VALUES (235,2022005004,'CHM4013',2022,2.5);
INSERT INTO takes(takes_id,student_id,course_id,year,grade) VALUES (236,2022005004,'EGY4013',2022,2.0);
INSERT INTO takes(takes_id,student_id,course_id,year,grade) VALUES (237,2022005004,'EGY4016',2022,3.0);
INSERT INTO takes(takes_id,student_id,course_id,year,grade) VALUES (238,2022005004,'EGY4019',2022,4.0);
INSERT INTO takes(takes_id,student_id,course_id,year,grade) VALUES (239,2022005004,'MME3026',2019,1.0);
INSERT INTO takes(takes_id,student_id,course_id,year,grade) VALUES (240,2022005004,'CSE4006',2021,4.0);
INSERT INTO takes(takes_id,student_id,course_id,year,grade) VALUES (241,2022005004,'GEN6006',2019,2.0);
INSERT INTO takes(takes_id,student_id,course_id,year,grade) VALUES (242,2022005004,'ECL4013',2020,0.0);
INSERT INTO takes(takes_id,student_id,course_id,year,grade) VALUES (243,2022005004,'ARE4026',2019,2.0);
INSERT INTO takes(takes_id,student_id,course_id,year,grade) VALUES (244,2022005004,'CHE4053',2020,1.0);
INSERT INTO takes(takes_id,student_id,course_id,year,grade) VALUES (245,2022005004,'BTN4009',2021,0.0);
INSERT INTO takes(takes_id,student_id,course_id,year,grade) VALUES (246,2022005004,'BTN4009',2020,4.0);
INSERT INTO takes(takes_id,student_id,course_id,year,grade) VALUES (247,2022005004,'ONE4004',2021,2.5);
INSERT INTO takes(takes_id,student_id,course_id,year,grade) VALUES (248,2022005004,'EGY4016',2021,3.0);
INSERT INTO takes(takes_id,student_id,course_id,year,grade) VALUES (249,2022019493,'ARE5013',2022,3.5);
INSERT INTO takes(takes_id,student_id,course_id,year,grade) VALUES (250,2022019493,'BTN4012',2022,4.0);
INSERT INTO takes(takes_id,student_id,course_id,year,grade) VALUES (251,2022019493,'DBC3018',2022,0.0);
INSERT INTO takes(takes_id,student_id,course_id,year,grade) VALUES (252,2022019493,'GEN6095',2022,4.5);
INSERT INTO takes(takes_id,student_id,course_id,year,grade) VALUES (253,2022019493,'ONE4004',2022,3.5);
INSERT INTO takes(takes_id,student_id,course_id,year,grade) VALUES (254,2022019493,'ONE4011',2022,3.0);
INSERT INTO takes(takes_id,student_id,course_id,year,grade) VALUES (255,2022019493,'CIE3033',2019,0.0);
INSERT INTO takes(takes_id,student_id,course_id,year,grade) VALUES (256,2022019493,'CIE4068',2020,0.0);
INSERT INTO takes(takes_id,student_id,course_id,year,grade) VALUES (257,2022019493,'CIE4068',2019,2.0);
INSERT INTO takes(takes_id,student_id,course_id,year,grade) VALUES (258,2022019493,'CSE4006',2019,4.0);
INSERT INTO takes(takes_id,student_id,course_id,year,grade) VALUES (259,2022019493,'ARE4020',2020,2.0);
INSERT INTO takes(takes_id,student_id,course_id,year,grade) VALUES (260,2022019493,'ICH4022',2019,2.0);
INSERT INTO takes(takes_id,student_id,course_id,year,grade) VALUES (261,2022019493,'ONE4004',2020,3.0);
INSERT INTO takes(takes_id,student_id,course_id,year,grade) VALUES (262,2022040404,'CSE4006',2022,3.5);
INSERT INTO takes(takes_id,student_id,course_id,year,grade) VALUES (263,2022040404,'ELE4029',2022,3.0);
INSERT INTO takes(takes_id,student_id,course_id,year,grade) VALUES (264,2022040404,'GEN6006',2022,2.5);
INSERT INTO takes(takes_id,student_id,course_id,year,grade) VALUES (265,2022040404,'ITE3016',2022,2.5);
INSERT INTO takes(takes_id,student_id,course_id,year,grade) VALUES (266,2022040404,'ECL3005',2022,4.0);
INSERT INTO takes(takes_id,student_id,course_id,year,grade) VALUES (267,2022040404,'ECL4010',2022,4.0);
INSERT INTO takes(takes_id,student_id,course_id,year,grade) VALUES (268,2022040404,'ARE4014',2022,2.0);
INSERT INTO takes(takes_id,student_id,course_id,year,grade) VALUES (269,2022040404,'CHM3078',2022,1.5);
INSERT INTO takes(takes_id,student_id,course_id,year,grade) VALUES (270,2022040404,'CIE4047',2021,2.0);
INSERT INTO takes(takes_id,student_id,course_id,year,grade) VALUES (271,2022040404,'MAT3008',2020,0.0);
INSERT INTO takes(takes_id,student_id,course_id,year,grade) VALUES (272,2022040404,'CHE4054',2019,1.0);
INSERT INTO takes(takes_id,student_id,course_id,year,grade) VALUES (273,2022040404,'DBC3018',2020,2.0);
INSERT INTO takes(takes_id,student_id,course_id,year,grade) VALUES (274,2022040404,'CHM4013',2020,3.0);
INSERT INTO takes(takes_id,student_id,course_id,year,grade) VALUES (275,2022040404,'CHM4013',2019,3.0);
INSERT INTO takes(takes_id,student_id,course_id,year,grade) VALUES (276,2022505050,'CSE4006',2022,0.0);
INSERT INTO takes(takes_id,student_id,course_id,year,grade) VALUES (277,2022505050,'ELE4029',2022,4.5);
INSERT INTO takes(takes_id,student_id,course_id,year,grade) VALUES (278,2022505050,'GEN6006',2022,3.5);
INSERT INTO takes(takes_id,student_id,course_id,year,grade) VALUES (279,2022505050,'ITE3016',2022,3.0);
INSERT INTO takes(takes_id,student_id,course_id,year,grade) VALUES (280,2022505050,'ECL3005',2022,2.5);
INSERT INTO takes(takes_id,student_id,course_id,year,grade) VALUES (281,2022505050,'ECL4010',2022,2.0);
INSERT INTO takes(takes_id,student_id,course_id,year,grade) VALUES (282,2022505050,'ARE4020',2022,3.0);
INSERT INTO takes(takes_id,student_id,course_id,year,grade) VALUES (283,2022505050,'ARE5032',2022,2.0);
INSERT INTO takes(takes_id,student_id,course_id,year,grade) VALUES (284,2022505050,'DBC3018',2022,1.0);
INSERT INTO takes(takes_id,student_id,course_id,year,grade) VALUES (285,2022505050,'CIE3033',2020,3.0);
INSERT INTO takes(takes_id,student_id,course_id,year,grade) VALUES (286,2022505050,'CIE4065',2020,0.0);
INSERT INTO takes(takes_id,student_id,course_id,year,grade) VALUES (287,2022505050,'COE3053',2020,2.0);
INSERT INTO takes(takes_id,student_id,course_id,year,grade) VALUES (288,2022505050,'ITE3070',2020,1.0);
INSERT INTO takes(takes_id,student_id,course_id,year,grade) VALUES (289,2022505050,'ENE4019',2020,1.0);
INSERT INTO takes(takes_id,student_id,course_id,year,grade) VALUES (290,2022505050,'ITE3016',2020,4.0);
INSERT INTO takes(takes_id,student_id,course_id,year,grade) VALUES (291,2022505050,'ELE3013',2021,2.0);
INSERT INTO takes(takes_id,student_id,course_id,year,grade) VALUES (292,2022505050,'ARE4014',2020,2.0);
INSERT INTO takes(takes_id,student_id,course_id,year,grade) VALUES (293,2022505050,'COE1011',2019,3.0);
INSERT INTO takes(takes_id,student_id,course_id,year,grade) VALUES (294,2022505050,'GEN5026',2019,4.0);
INSERT INTO takes(takes_id,student_id,course_id,year,grade) VALUES (295,2022505050,'BTN4009',2021,1.0);
INSERT INTO takes(takes_id,student_id,course_id,year,grade) VALUES (296,2022505050,'DBC3018',2021,2.0);
INSERT INTO takes(takes_id,student_id,course_id,year,grade) VALUES (297,2022505050,'GEN5026',2021,3.0);

#time
INSERT INTO time VALUES (1,8831,1,'1900-01-02T05:30:00.000Z','1900-01-02T07:00:00.000Z');
INSERT INTO time VALUES (2,8834,1,'1900-01-02T00:00:00.000Z','1900-01-02T02:00:00.000Z');
INSERT INTO time VALUES (3,8837,1,'1900-01-03T05:30:00.000Z','1900-01-03T07:00:00.000Z');
INSERT INTO time VALUES (4,8840,1,'1900-01-04T05:30:00.000Z','1900-01-04T07:00:00.000Z');
INSERT INTO time VALUES (5,8843,1,'1900-01-02T06:30:00.000Z','1900-01-02T08:00:00.000Z');
INSERT INTO time VALUES (6,8846,1,'1900-01-03T08:30:00.000Z','1900-01-03T09:30:00.000Z');
INSERT INTO time VALUES (7,8849,1,'1900-01-04T06:00:00.000Z','1900-01-04T07:30:00.000Z');
INSERT INTO time VALUES (8,8852,1,'1900-01-02T05:00:00.000Z','1900-01-02T06:30:00.000Z');
INSERT INTO time VALUES (9,8855,1,'1900-01-01T04:30:00.000Z','1900-01-01T06:00:00.000Z');
INSERT INTO time VALUES (10,8858,1,'1900-01-02T06:30:00.000Z','1900-01-02T08:00:00.000Z');
INSERT INTO time VALUES (11,8861,1,'1900-01-02T00:00:00.000Z','1900-01-02T01:30:00.000Z');
INSERT INTO time VALUES (12,8864,1,'1900-01-06T07:00:00.000Z','1900-01-06T09:00:00.000Z');
INSERT INTO time VALUES (13,8867,1,'1900-01-02T05:30:00.000Z','1900-01-02T07:00:00.000Z');
INSERT INTO time VALUES (14,8870,1,'1900-01-02T01:30:00.000Z','1900-01-02T03:00:00.000Z');
INSERT INTO time VALUES (15,8873,1,'1900-01-02T07:00:00.000Z','1900-01-02T08:30:00.000Z');
INSERT INTO time VALUES (16,8876,1,'1900-01-02T04:00:00.000Z','1900-01-02T06:00:00.000Z');
INSERT INTO time VALUES (17,8879,1,'1900-01-01T04:00:00.000Z','1900-01-01T05:30:00.000Z');
INSERT INTO time VALUES (18,8882,1,'1900-01-04T00:00:00.000Z','1900-01-04T02:00:00.000Z');
INSERT INTO time VALUES (19,8885,1,'1900-01-02T00:00:00.000Z','1900-01-02T01:30:00.000Z');
INSERT INTO time VALUES (20,8888,1,'1900-01-01T07:00:00.000Z','1900-01-01T08:30:00.000Z');
INSERT INTO time VALUES (21,8891,1,'1900-01-02T07:00:00.000Z','1900-01-02T11:00:00.000Z');
INSERT INTO time VALUES (22,8894,1,'1900-01-02T01:30:00.000Z','1900-01-02T03:00:00.000Z');
INSERT INTO time VALUES (23,8897,1,'1900-01-02T04:00:00.000Z','1900-01-02T06:00:00.000Z');
INSERT INTO time VALUES (24,8900,1,'1900-01-02T06:00:00.000Z','1900-01-02T07:30:00.000Z');
INSERT INTO time VALUES (25,8903,1,'1900-01-01T06:00:00.000Z','1900-01-01T07:00:00.000Z');
INSERT INTO time VALUES (26,8906,1,'1900-01-01T00:00:00.000Z','1900-01-01T01:30:00.000Z');
INSERT INTO time VALUES (27,8909,1,'1900-01-06T03:00:00.000Z','1900-01-06T05:00:00.000Z');
INSERT INTO time VALUES (28,8912,1,'1900-01-02T04:00:00.000Z','1900-01-02T05:30:00.000Z');
INSERT INTO time VALUES (29,8915,1,'NO','NO');
INSERT INTO time VALUES (30,8918,1,'1900-01-06T03:00:00.000Z','1900-01-06T05:00:00.000Z');
INSERT INTO time VALUES (31,8921,1,'1900-01-02T04:00:00.000Z','1900-01-02T05:30:00.000Z');
INSERT INTO time VALUES (32,8924,1,'1900-01-01T04:00:00.000Z','1900-01-01T05:30:00.000Z');
INSERT INTO time VALUES (33,8927,1,'1900-01-05T23:00:00.000Z','1900-01-06T01:00:00.000Z');
INSERT INTO time VALUES (34,8930,1,'1900-01-01T01:30:00.000Z','1900-01-01T03:00:00.000Z');
INSERT INTO time VALUES (35,8832,1,'1900-01-01T01:00:00.000Z','1900-01-01T02:00:00.000Z');
INSERT INTO time VALUES (36,8835,1,'1900-01-01T00:00:00.000Z','1900-01-01T01:30:00.000Z');
INSERT INTO time VALUES (37,8838,1,'1900-01-06T00:00:00.000Z','1900-01-06T02:00:00.000Z');
INSERT INTO time VALUES (38,8841,1,'NO','NO');
INSERT INTO time VALUES (39,8844,1,'NO','NO');
INSERT INTO time VALUES (40,8847,1,'1900-01-02T05:00:00.000Z','1900-01-02T06:30:00.000Z');
INSERT INTO time VALUES (41,8850,1,'1900-01-01T01:30:00.000Z','1900-01-01T03:00:00.000Z');
INSERT INTO time VALUES (42,8853,1,'1900-01-02T01:00:00.000Z','1900-01-02T03:00:00.000Z');
INSERT INTO time VALUES (43,8856,1,'1900-01-01T06:00:00.000Z','1900-01-01T07:30:00.000Z');
INSERT INTO time VALUES (44,8859,1,'1900-01-04T07:00:00.000Z','1900-01-04T08:30:00.000Z');
INSERT INTO time VALUES (45,8862,1,'1900-01-04T08:30:00.000Z','1900-01-04T10:00:00.000Z');
INSERT INTO time VALUES (46,8865,1,'1900-01-05T05:30:00.000Z','1900-01-05T07:00:00.000Z');
INSERT INTO time VALUES (47,8868,1,'1900-01-01T05:30:00.000Z','1900-01-01T07:00:00.000Z');
INSERT INTO time VALUES (48,8871,1,'1900-01-02T07:00:00.000Z','1900-01-02T08:30:00.000Z');
INSERT INTO time VALUES (49,8874,1,'1900-01-02T04:00:00.000Z','1900-01-02T05:30:00.000Z');
INSERT INTO time VALUES (50,8877,1,'1900-01-03T07:00:00.000Z','1900-01-03T08:30:00.000Z');
INSERT INTO time VALUES (51,8880,1,'1900-01-01T04:00:00.000Z','1900-01-01T05:00:00.000Z');
INSERT INTO time VALUES (52,8883,1,'1900-01-02T05:30:00.000Z','1900-01-02T07:00:00.000Z');
INSERT INTO time VALUES (53,8886,1,'1900-01-02T01:30:00.000Z','1900-01-02T03:00:00.000Z');
INSERT INTO time VALUES (54,8889,1,'1900-01-01T04:00:00.000Z','1900-01-01T05:30:00.000Z');
INSERT INTO time VALUES (55,8892,1,'1900-01-02T05:30:00.000Z','1900-01-02T07:00:00.000Z');
INSERT INTO time VALUES (56,8895,1,'1900-01-01T00:00:00.000Z','1900-01-01T01:30:00.000Z');
INSERT INTO time VALUES (57,8898,1,'1900-01-05T23:00:00.000Z','1900-01-06T01:00:00.000Z');
INSERT INTO time VALUES (58,8901,1,'1900-01-04T09:00:00.000Z','1900-01-04T11:00:00.000Z');
INSERT INTO time VALUES (59,8904,1,'1900-01-02T01:30:00.000Z','1900-01-02T03:00:00.000Z');
INSERT INTO time VALUES (60,8907,1,'1900-01-01T01:30:00.000Z','1900-01-01T03:00:00.000Z');
INSERT INTO time VALUES (61,8910,1,'1900-01-05T23:00:00.000Z','1900-01-06T01:00:00.000Z');
INSERT INTO time VALUES (62,8913,1,'1900-01-02T07:00:00.000Z','1900-01-02T09:00:00.000Z');
INSERT INTO time VALUES (63,8916,1,'1900-01-01T05:30:00.000Z','1900-01-01T07:00:00.000Z');
INSERT INTO time VALUES (64,8919,1,'1900-01-03T05:30:00.000Z','1900-01-03T07:00:00.000Z');
INSERT INTO time VALUES (65,8922,1,'1900-01-01T00:00:00.000Z','1900-01-01T01:30:00.000Z');
INSERT INTO time VALUES (66,8925,1,'1900-01-01T01:30:00.000Z','1900-01-01T03:00:00.000Z');
INSERT INTO time VALUES (67,8928,1,'1900-01-03T05:30:00.000Z','1900-01-03T07:00:00.000Z');
INSERT INTO time VALUES (68,8931,1,'1900-01-01T07:00:00.000Z','1900-01-01T09:00:00.000Z');
INSERT INTO time VALUES (69,8833,1,'1900-01-04T02:00:00.000Z','1900-01-04T03:30:00.000Z');
INSERT INTO time VALUES (70,8836,1,'1900-01-01T02:00:00.000Z','1900-01-01T03:30:00.000Z');
INSERT INTO time VALUES (71,8839,1,'1900-01-01T04:00:00.000Z','1900-01-01T05:30:00.000Z');
INSERT INTO time VALUES (72,8842,1,'1900-01-02T04:00:00.000Z','1900-01-02T05:30:00.000Z');
INSERT INTO time VALUES (73,8845,1,'1900-01-01T04:00:00.000Z','1900-01-01T05:00:00.000Z');
INSERT INTO time VALUES (74,8848,1,'1900-01-03T04:30:00.000Z','1900-01-03T06:00:00.000Z');
INSERT INTO time VALUES (75,8851,1,'1900-01-03T06:00:00.000Z','1900-01-03T07:30:00.000Z');
INSERT INTO time VALUES (76,8854,1,'1900-01-02T01:00:00.000Z','1900-01-02T03:00:00.000Z');
INSERT INTO time VALUES (77,8857,1,'1900-01-01T07:30:00.000Z','1900-01-01T09:30:00.000Z');
INSERT INTO time VALUES (78,8860,1,'1900-01-03T04:00:00.000Z','1900-01-03T05:30:00.000Z');
INSERT INTO time VALUES (79,8863,1,'1900-01-02T01:30:00.000Z','1900-01-02T03:00:00.000Z');
INSERT INTO time VALUES (80,8866,1,'1900-01-03T04:00:00.000Z','1900-01-03T05:30:00.000Z');
INSERT INTO time VALUES (81,8869,1,'1900-01-01T07:00:00.000Z','1900-01-01T08:30:00.000Z');
INSERT INTO time VALUES (82,8872,1,'1900-01-01T04:00:00.000Z','1900-01-01T06:00:00.000Z');
INSERT INTO time VALUES (83,8875,1,'1900-01-05T04:00:00.000Z','1900-01-05T05:30:00.000Z');
INSERT INTO time VALUES (84,8878,1,'1900-01-01T05:30:00.000Z','1900-01-01T07:00:00.000Z');
INSERT INTO time VALUES (85,8881,1,'1900-01-06T00:00:00.000Z','1900-01-06T02:00:00.000Z');
INSERT INTO time VALUES (86,8884,1,'NO','NO');
INSERT INTO time VALUES (87,8887,1,'1900-01-01T00:00:00.000Z','1900-01-01T01:30:00.000Z');
INSERT INTO time VALUES (88,8890,1,'1900-01-06T03:00:00.000Z','1900-01-06T05:00:00.000Z');
INSERT INTO time VALUES (89,8893,1,'1900-01-01T04:00:00.000Z','1900-01-01T05:30:00.000Z');
INSERT INTO time VALUES (90,8831,2,'1900-01-05T04:00:00.000Z','1900-01-05T05:30:00.000Z');
INSERT INTO time VALUES (91,8834,2,'1900-01-04T00:00:00.000Z','1900-01-04T02:00:00.000Z');
INSERT INTO time VALUES (92,8837,2,'1900-01-05T05:30:00.000Z','1900-01-05T07:00:00.000Z');
INSERT INTO time VALUES (93,8840,2,'1900-01-05T05:30:00.000Z','1900-01-05T07:00:00.000Z');
INSERT INTO time VALUES (94,8843,2,'1900-01-03T07:00:00.000Z','1900-01-03T08:30:00.000Z');
INSERT INTO time VALUES (95,8849,2,'1900-01-05T06:00:00.000Z','1900-01-05T07:30:00.000Z');
INSERT INTO time VALUES (96,8852,2,'1900-01-05T04:30:00.000Z','1900-01-05T06:00:00.000Z');
INSERT INTO time VALUES (97,8855,2,'1900-01-03T04:30:00.000Z','1900-01-03T06:00:00.000Z');
INSERT INTO time VALUES (98,8858,2,'1900-01-05T01:30:00.000Z','1900-01-05T03:00:00.000Z');
INSERT INTO time VALUES (99,8861,2,'1900-01-04T04:00:00.000Z','1900-01-04T05:30:00.000Z');
INSERT INTO time VALUES (100,8867,2,'1900-01-02T07:00:00.000Z','1900-01-02T08:30:00.000Z');
INSERT INTO time VALUES (101,8870,2,'1900-01-04T04:00:00.000Z','1900-01-04T05:30:00.000Z');
INSERT INTO time VALUES (102,8873,2,'1900-01-04T01:30:00.000Z','1900-01-04T03:00:00.000Z');
INSERT INTO time VALUES (103,8876,2,'1900-01-02T06:00:00.000Z','1900-01-02T08:00:00.000Z');
INSERT INTO time VALUES (104,8879,2,'1900-01-04T07:00:00.000Z','1900-01-04T08:30:00.000Z');
INSERT INTO time VALUES (105,8882,2,'1900-01-04T02:00:00.000Z','1900-01-04T04:00:00.000Z');
INSERT INTO time VALUES (106,8885,2,'1900-01-05T04:00:00.000Z','1900-01-05T05:30:00.000Z');
INSERT INTO time VALUES (107,8888,2,'1900-01-03T04:00:00.000Z','1900-01-03T05:30:00.000Z');
INSERT INTO time VALUES (108,8894,2,'1900-01-04T01:30:00.000Z','1900-01-04T03:00:00.000Z');
INSERT INTO time VALUES (109,8897,2,'1900-01-04T04:00:00.000Z','1900-01-04T06:00:00.000Z');
INSERT INTO time VALUES (110,8900,2,'1900-01-04T07:00:00.000Z','1900-01-04T08:30:00.000Z');
INSERT INTO time VALUES (111,8903,2,'1900-01-03T05:30:00.000Z','1900-01-03T07:00:00.000Z');
INSERT INTO time VALUES (112,8906,2,'1900-01-03T00:00:00.000Z','1900-01-03T01:30:00.000Z');
INSERT INTO time VALUES (113,8912,2,'1900-01-03T05:30:00.000Z','1900-01-03T07:00:00.000Z');
INSERT INTO time VALUES (114,8921,2,'1900-01-04T07:30:00.000Z','1900-01-04T09:00:00.000Z');
INSERT INTO time VALUES (115,8924,2,'1900-01-03T00:00:00.000Z','1900-01-03T01:30:00.000Z');
INSERT INTO time VALUES (116,8930,2,'1900-01-03T01:30:00.000Z','1900-01-03T03:00:00.000Z');
INSERT INTO time VALUES (117,8832,2,'1900-01-03T01:00:00.000Z','1900-01-03T02:00:00.000Z');
INSERT INTO time VALUES (118,8835,2,'1900-01-03T00:00:00.000Z','1900-01-03T01:30:00.000Z');
INSERT INTO time VALUES (119,8847,2,'1900-01-04T01:30:00.000Z','1900-01-04T03:00:00.000Z');
INSERT INTO time VALUES (120,8850,2,'1900-01-03T01:30:00.000Z','1900-01-03T03:00:00.000Z');
INSERT INTO time VALUES (121,8856,2,'1900-01-03T06:00:00.000Z','1900-01-03T07:30:00.000Z');
INSERT INTO time VALUES (122,8859,2,'1900-01-05T07:00:00.000Z','1900-01-05T08:30:00.000Z');
INSERT INTO time VALUES (123,8862,2,'1900-01-05T08:30:00.000Z','1900-01-05T10:00:00.000Z');
INSERT INTO time VALUES (124,8865,2,'1900-01-05T07:00:00.000Z','1900-01-05T08:30:00.000Z');
INSERT INTO time VALUES (125,8868,2,'1900-01-03T05:30:00.000Z','1900-01-03T07:00:00.000Z');
INSERT INTO time VALUES (126,8871,2,'1900-01-04T01:30:00.000Z','1900-01-04T03:00:00.000Z');
INSERT INTO time VALUES (127,8874,2,'1900-01-04T00:00:00.000Z','1900-01-04T01:30:00.000Z');
INSERT INTO time VALUES (128,8877,2,'1900-01-05T01:30:00.000Z','1900-01-05T03:00:00.000Z');
INSERT INTO time VALUES (129,8880,2,'1900-01-01T05:00:00.000Z','1900-01-01T09:00:00.000Z');
INSERT INTO time VALUES (130,8883,2,'1900-01-04T05:30:00.000Z','1900-01-04T07:00:00.000Z');
INSERT INTO time VALUES (131,8886,2,'1900-01-04T01:30:00.000Z','1900-01-04T03:00:00.000Z');
INSERT INTO time VALUES (132,8889,2,'1900-01-03T04:00:00.000Z','1900-01-03T05:30:00.000Z');
INSERT INTO time VALUES (133,8892,2,'1900-01-04T04:00:00.000Z','1900-01-04T05:30:00.000Z');
INSERT INTO time VALUES (134,8895,2,'1900-01-03T05:30:00.000Z','1900-01-03T07:00:00.000Z');
INSERT INTO time VALUES (135,8901,2,'1900-01-05T04:00:00.000Z','1900-01-05T06:00:00.000Z');
INSERT INTO time VALUES (136,8904,2,'1900-01-04T01:30:00.000Z','1900-01-04T03:00:00.000Z');
INSERT INTO time VALUES (137,8907,2,'1900-01-03T01:30:00.000Z','1900-01-03T03:00:00.000Z');
INSERT INTO time VALUES (138,8913,2,'1900-01-02T09:00:00.000Z','1900-01-02T11:00:00.000Z');
INSERT INTO time VALUES (139,8916,2,'1900-01-03T00:00:00.000Z','1900-01-03T01:30:00.000Z');
INSERT INTO time VALUES (140,8919,2,'1900-01-05T05:30:00.000Z','1900-01-05T07:00:00.000Z');
INSERT INTO time VALUES (141,8922,2,'1900-01-02T01:30:00.000Z','1900-01-02T03:00:00.000Z');
INSERT INTO time VALUES (142,8925,2,'1900-01-03T01:30:00.000Z','1900-01-03T03:00:00.000Z');
INSERT INTO time VALUES (143,8928,2,'1900-01-05T01:30:00.000Z','1900-01-05T03:00:00.000Z');
INSERT INTO time VALUES (144,8833,2,'1900-01-05T01:30:00.000Z','1900-01-05T03:00:00.000Z');
INSERT INTO time VALUES (145,8836,2,'1900-01-03T04:00:00.000Z','1900-01-03T05:30:00.000Z');
INSERT INTO time VALUES (146,8839,2,'1900-01-04T07:00:00.000Z','1900-01-04T08:30:00.000Z');
INSERT INTO time VALUES (147,8842,2,'1900-01-04T04:00:00.000Z','1900-01-04T05:30:00.000Z');
INSERT INTO time VALUES (148,8845,2,'1900-01-01T05:00:00.000Z','1900-01-01T07:00:00.000Z');
INSERT INTO time VALUES (149,8848,2,'1900-01-04T01:30:00.000Z','1900-01-04T03:00:00.000Z');
INSERT INTO time VALUES (150,8851,2,'1900-01-05T04:30:00.000Z','1900-01-05T06:00:00.000Z');
INSERT INTO time VALUES (151,8857,2,'1900-01-04T04:00:00.000Z','1900-01-04T06:00:00.000Z');
INSERT INTO time VALUES (152,8860,2,'1900-01-05T04:00:00.000Z','1900-01-05T05:30:00.000Z');
INSERT INTO time VALUES (153,8863,2,'1900-01-05T01:30:00.000Z','1900-01-05T03:00:00.000Z');
INSERT INTO time VALUES (154,8866,2,'1900-01-05T04:00:00.000Z','1900-01-05T05:30:00.000Z');
INSERT INTO time VALUES (155,8869,2,'1900-01-02T04:00:00.000Z','1900-01-02T05:30:00.000Z');
INSERT INTO time VALUES (156,8872,2,'1900-01-04T09:00:00.000Z','1900-01-04T11:00:00.000Z');
INSERT INTO time VALUES (157,8875,2,'1900-01-05T05:30:00.000Z','1900-01-05T07:00:00.000Z');
INSERT INTO time VALUES (158,8878,2,'1900-01-03T01:30:00.000Z','1900-01-03T03:00:00.000Z');
INSERT INTO time VALUES (159,8881,2,'1900-01-06T02:00:00.000Z','1900-01-06T04:00:00.000Z');
INSERT INTO time VALUES (160,8887,2,'1900-01-03T00:00:00.000Z','1900-01-03T01:30:00.000Z');
INSERT INTO time VALUES (161,8893,2,'1900-01-02T04:00:00.000Z','1900-01-02T05:30:00.000Z');
